,0
0,0.039728627
1,0.04146653
2,0.045661952
3,0.048480462
4,0.05014145
5,0.050212294
6,0.045831926
7,0.043166168
8,0.042928267
9,0.043911994
10,0.045925282
11,0.03839092
12,0.04441026
13,0.05423681
14,0.057429828
15,0.06238614
16,0.057860877
17,0.050722424
18,0.037978884
19,0.03740657
20,0.03984447
21,0.044039454
22,0.04638994
23,0.046696465
24,0.0477145
25,0.0465676
26,0.04199288
27,0.040259015
28,0.038140357
29,0.03663629
30,0.040759835
31,0.040630277
32,0.021240026
33,0.015034564
34,0.0074185417
35,0.0042855837
36,0.0051486837
37,0.0046138642
38,0.0061046495
39,0.0055308123
40,0.0038617747
41,0.002947593
42,0.0014758811
43,0.0023297202
44,-0.0016403687
45,-0.0053263274
46,0.00029417523
47,-0.0034413254
48,-0.0053379335
49,-0.0024024714
50,0.002779989
51,0.009610968
52,0.014417848
53,0.015712867
54,0.023038603
55,0.028579764
56,0.032767206
57,0.03573925
58,0.032410663
59,0.0327157
60,0.02676962
61,0.02348492
62,0.024090385
63,0.02529078
64,0.032175668
65,0.03361571
66,0.032464866
67,0.02935944
68,0.01905251
69,0.017898597
70,0.019259451
71,0.02245854
72,0.023543762
73,0.026762897
74,0.031244872
75,0.035930302
76,0.03918214
77,0.040175613
78,0.04166374
79,0.048260618
80,0.051925313
81,0.05437577
82,0.05366196
83,0.046592686
84,0.04185118
85,0.039349545
86,0.03842172
87,0.03918415
88,0.039873358
89,0.041564923
90,0.04048981
91,0.040026344
92,0.04202029
93,0.043377794
94,0.046140764
95,0.045444053
96,0.03675488
97,0.031207183
98,0.024743894
99,0.019048573
100,0.015228774
101,0.012277886
102,-0.007144689
103,-0.012427136
104,-0.0054871025
105,-0.0015672245
106,-0.001851365
107,-0.0059716585
108,-0.008259948
109,-0.0074194097
110,-0.0056510144
111,-0.0017668023
112,0.0016094786
113,0.005487908
114,0.0060883467
115,0.00811795
116,0.010674166
117,0.004048941
118,-0.0034369002
119,-0.0054601454
120,-0.00509668
121,-0.0030035838
122,-0.00045342767
123,-0.009076916
124,-0.0106762815
125,-0.0038430784
126,-0.003255051
127,0.0005112258
128,0.004732995
129,0.007596383
130,0.020433323
131,0.015657373
132,0.01376285
133,0.0141499825
134,0.014497286
135,0.014286833
136,0.018090678
137,0.017923335
138,0.021216309
139,0.016762897
140,0.0131798275
141,0.013346028
142,0.011450045
143,0.0027406928
144,0.002945977
145,-0.0038926248
146,-0.00815847
147,-0.015323319
148,-0.015026756
149,-0.010806352
150,-0.0104116835
151,-0.018484386
152,-0.021857463
153,-0.019007012
154,-0.016470123
155,-0.01774056
156,-0.019888548
157,-0.016390387
158,-0.026106035
159,-0.031335842
160,-0.02846905
161,-0.0280131
162,-0.025237253
163,-0.022396963
164,-0.016597984
165,-0.01686643
166,-0.019635778
167,-0.03014754
168,-0.036139496
169,-0.039211985
170,-0.04255085
171,-0.044257153
172,-0.051111005
173,-0.053781696
174,-0.05563261
175,-0.05980432
176,-0.06109961
177,-0.06443628
178,-0.06427448
179,-0.05989013
180,-0.05839773
181,-0.062886514
182,-0.066853404
183,-0.06665123
184,-0.065352656
185,-0.06467258
186,-0.06247221
187,-0.06308645
188,-0.06769546
189,-0.06948011
190,-0.05770088
191,-0.053846113
192,-0.052194387
193,-0.0384085
194,-0.058125958
195,-0.08528669
196,-0.10005406
197,-0.10062448
198,-0.09673649
199,-0.09506061
200,-0.0919539
201,-0.09075829
202,-0.089251995
203,-0.086639546
204,-0.09009341
205,-0.09290691
206,-0.098748535
207,-0.105235286
208,-0.12016174
209,-0.13255739
210,-0.14036852
211,-0.13977496
212,-0.13682826
213,-0.13367213
214,-0.12298763
215,-0.12254481
216,-0.1239986
217,-0.12367557
218,-0.12406199
219,-0.12568659
220,-0.12578051
221,-0.12226178
222,-0.117865264
223,-0.11172309
224,-0.109038
225,-0.103418104
226,-0.102985926
227,-0.100973524
228,-0.095787935
229,-0.09272716
230,-0.09521051
231,-0.10086014
232,-0.10558092
233,-0.10832159
234,-0.10754607
235,-0.10363493
236,-0.10565215
237,-0.107772976
238,-0.110869355
239,-0.1100038
240,-0.11161628
241,-0.110894896
242,-0.04016953
243,-0.044440776
244,-0.053263847
245,-0.05389347
246,-0.054274563
247,-0.05679833
248,-0.05721666
249,-0.05213392
250,-0.051230084
251,-0.04808371
252,-0.04053155
253,-0.037213635
254,-0.029275825
255,-0.01953933
256,-0.011166336
257,-0.0051597976
258,-0.0039694225
259,-0.008316709
260,-0.0075123818
261,-0.001828034
262,-0.0040760636
263,0.00023457338
264,0.0044111507
265,0.0025042964
266,0.0025257547
267,0.0017554224
268,-0.0029089437
269,-0.00857869
270,-0.015012797
271,-0.017660156
272,-0.030007763
273,-0.04502712
274,-0.05711506
275,-0.060341045
276,-0.05835029
277,-0.056080766
278,-0.04642166
279,-0.04012551
280,-0.03529547
281,-0.031548403
282,-0.03368564
283,-0.03715507
284,-0.032416042
285,-0.02520867
286,-0.017766764
287,-0.0071288883
288,0.0034407661
289,0.0069544744
290,0.009538481
291,0.009217306
292,0.012628831
293,0.015406162
294,0.01708806
295,0.016049452
296,0.011814093
297,0.009088341
298,0.0024603535
299,0.00021778583
300,0.0032065935
301,0.009718725
302,0.016887138
303,0.019795608
304,0.02048507
305,0.021340322
306,0.020121697
307,0.009261668
308,0.0026138113
309,0.002407961
310,0.004692295
311,0.0037230067
312,0.0071469303
313,0.010469368
314,0.015414575
315,0.01700854
316,0.022060154
317,0.025782546
318,0.028490312
319,0.038533945
320,0.05491204
321,0.06824603
322,0.0713365
323,0.072880454
324,0.07132843
325,0.071552165
326,0.06937908
327,0.06477432
328,0.061916526
329,0.06700763
330,0.07641425
331,0.081480905
332,0.08259479
333,0.060044896
334,0.053119443
335,0.051805474
336,0.052982956
337,0.054197785
338,0.05473877
339,0.05754611
340,0.058286294
341,0.062142875
342,0.05774494
343,0.05563584
344,0.057022244
345,0.06390499
346,0.06900558
347,0.06222079
348,0.05974089
349,0.057402544
350,0.055236563
351,0.051221393
352,0.0566073
353,0.05715945
354,0.06265301
355,0.06645315
356,0.06685835
357,0.0648324
358,0.06287418
359,0.062133804
360,0.059215408
361,0.049295764
362,0.045809407
363,0.042507738
364,0.039157167
365,0.040181592
366,0.039933633
367,0.041517783
368,0.02749207
369,0.015669389
370,0.009591975
371,0.0047930903
372,0.00025815982
373,0.0007855424
374,0.0058838944
375,0.0016116829
376,0.0024386027
377,0.0012527932
378,-0.00015933183
379,0.00023694779
380,0.00036786636
381,0.00032759318
382,-0.0060579726
383,-0.0086006895
384,-0.0072372598
385,-0.008012515
386,-0.00883577
387,-0.0066645327
388,-0.004497156
389,-0.0021957336
390,5.2013434e-05
391,0.00076851575
392,-0.0017541698
393,-0.005914019
394,-0.009737333
395,-0.011516111
396,-0.0049395575
397,-0.008716961
398,-0.008950641
399,-0.010935012
400,-0.010649184
401,-0.011178242
402,-0.012822453
403,-0.010729235
404,-0.010931846
405,-0.0090482775
406,-0.0051249336
407,-0.0037585348
408,0.0043039713
409,0.0032654905
410,0.0066181566
411,0.00231431
412,-0.002288472
413,-0.0060318285
414,-0.005023235
415,-0.003376184
416,0.0022401127
417,0.018194234
418,0.0150139
419,0.0080321655
420,0.006662595
421,0.00095665525
422,-0.0030948278
423,-0.0039323396
424,-0.0058462196
425,-0.0024392246
426,-0.003291003
427,-0.0070039066
428,-0.009298056
429,-0.009737998
430,-0.010274053
431,-0.013685033
432,-0.01588542
433,-0.0140322
434,-0.009331485
435,-0.00926422
436,-0.015386611
437,-0.008248059
438,-0.018416457
439,-0.024437627
440,-0.029057315
441,-0.03430969
442,-0.03475834
443,-0.030415377
444,-0.023613142
445,-0.022164717
446,-0.020258354
447,-0.025859855
448,-0.035496745
449,-0.03737741
450,-0.03768753
451,-0.035687257
452,-0.036437288
453,-0.038703073
454,-0.03937888
455,-0.03898505
456,-0.039079566
457,-0.03882876
458,-0.03869611
459,-0.030715814
460,-0.033067334
461,-0.036470093
462,-0.03668389
463,-0.034446504
464,-0.031928368
465,-0.029643735
466,-0.022033226
467,-0.01433761
468,-0.0135408025
469,-0.011340011
470,-0.012304647
471,-0.016576374
472,-0.018028632
473,-0.024918884
474,-0.022444991
475,-0.015441528
476,-0.017298857
477,-0.016515082
478,-0.015423872
479,-0.016902238
480,-0.024278235
481,-0.031688012
482,-0.041124463
483,-0.044441815
484,-0.046043094
485,-0.046416428
486,-0.041784015
487,-0.03348251
488,-0.036203533
489,-0.04231261
490,-0.050452624
491,-0.057072274
492,-0.059341095
493,-0.061388366
494,-0.048265312
495,-0.039599556
496,-0.034853224
497,-0.034754455
498,-0.0346862
499,-0.03450232
500,-0.029539777
501,-0.034751244
502,-0.03120136
503,-0.02389914
504,-0.021590475
505,-0.0210578
506,-0.019236062
507,-0.012277639
508,-0.013085978
509,-0.01691219
510,-0.018380707
511,-0.016576417
512,-0.011724893
513,-0.009727117
514,-0.0064547597
515,-0.010716114
516,-0.0116717145
517,-0.009688448
518,-0.0010621534
519,0.0034442488
520,0.0025027562
521,0.0043191905
522,0.0024635517
523,-0.0019497504
524,-0.0072950902
525,-0.011912169
526,-0.01407147
527,-0.01310157
528,-0.013673868
529,0.010639342
530,0.007950338
531,0.009320252
532,0.011124318
533,0.014415037
534,0.019998208
535,0.02258025
536,0.032801196
537,0.040188164
538,0.04418934
539,0.044498935
540,0.046529822
541,0.04808696
542,0.045103986
543,0.03287451
544,0.03577679
545,0.04119075
546,0.0414051
547,0.04129107
548,0.039211016
549,0.035152145
550,0.026054941
551,0.029621469
552,0.031228872
553,0.030120267
554,0.030845383
555,0.030884366
556,0.030939009
557,0.028442193
558,0.026058946
559,0.020870125
560,0.01924871
561,0.018915767
562,0.017710378
563,0.018518146
564,0.017827785
565,0.013243541
566,0.010576466
567,0.009672765
568,0.0106592
569,0.011256048
570,0.01126229
571,0.021110004
572,0.025916133
573,0.02945937
574,0.03058194
575,0.034842424
576,0.036360256
577,0.038449794
578,0.04111588
579,0.042206574
580,0.039933313
581,0.034743823
582,0.033000212
583,0.034475777
584,0.034083944
585,0.027282873
586,0.02666092
587,0.030654594
588,0.03451433
589,0.037889898
590,0.04077804
591,0.042370085
592,0.034675717
593,0.03267828
594,0.031710725
595,0.031577338
596,0.029523084
597,0.030731998
598,0.031886045
599,0.026745502
600,0.02592292
601,0.026506005
602,0.02579972
603,0.02618203
604,0.026217476
605,0.028434705
606,0.024496162
607,0.025677048
608,0.027334495
609,0.02602556
610,0.025334971
611,0.023390578
612,0.022522153
613,0.02060881
614,0.018470576
615,0.016370028
616,0.015149616
617,0.0135698635
618,0.014923094
619,0.017540406
620,0.0111836465
621,0.0044928105
622,-0.0011382555
623,-0.0040281857
624,-0.006182967
625,-0.011157611
626,-0.015881812
627,-0.019340076
628,-0.019653449
629,-0.018343167
630,-0.017459022
631,-0.019611528
632,-0.018594518
633,-0.018183004
634,-0.02367167
635,-0.011401616
636,0.00973005
637,0.024189308
638,0.031100657
639,0.035563428
640,0.036304746
641,0.035999194
642,0.033661243
643,0.034459665
644,0.03449802
645,0.034641955
646,0.03530233
647,0.03806106
648,0.037732944
649,0.03990117
650,0.039933447
651,0.040254705
652,0.040108334
653,0.041463036
654,0.042739898
655,0.03814248
656,0.040123798
657,0.047409594
658,0.053988963
659,0.055652548
660,0.057621986
661,0.061516896
662,0.069873944
663,0.070955895
664,0.06784154
665,0.060886703
666,0.057724223
667,0.054727945
668,0.05679
669,0.05964007
670,0.066163234
671,0.070711
672,0.079619914
673,0.084794186
674,0.08720204
675,0.08918657
676,0.087426625
677,0.087268025
678,0.08996252
679,0.08591033
680,0.08783302
681,0.09177873
682,0.09419033
683,0.016858064
684,0.024041774
685,0.034468327
686,0.03870395
687,0.040666703
688,0.040337984
689,0.042876054
690,0.040121693
691,0.035099175
692,0.035143375
693,0.035711404
694,0.036040775
695,0.03585774
696,0.036204528
697,0.038562343
698,0.04080975
699,0.040341765
700,0.038896926
701,0.037961483
702,0.038112443
703,0.040677898
704,0.036556166
705,0.032447122
706,0.029962286
707,0.03002938
708,0.026178142
709,0.021761352
710,0.018720243
711,0.021418113
712,0.030400166
713,0.036120765
714,0.03826635
715,0.040234353
716,0.03811037
717,0.038396843
718,0.029848944
719,0.025391355
720,0.02483685
721,0.02353697
722,0.021971796
723,0.021141743
724,0.020873936
725,0.022665929
726,0.024724318
727,0.026628286
728,0.029481329
729,0.031902406
730,0.033172026
731,0.03365465
732,0.026395727
733,0.021766618
734,0.020968825
735,0.019761976
736,0.019995688
737,0.02041819
738,0.02020177
739,0.018625556
740,0.015365353
741,0.009143089
742,0.004480564
743,0.003105793
744,0.004791922
745,0.005750722
746,0.00658885
747,0.008763837
748,0.007970877
749,0.008657132
750,0.007329976
751,0.0052486975
752,0.0039877254
753,0.005276587
754,0.0058085686
755,0.007333879
756,0.0077275317
757,0.0077585876
758,0.010725416
759,0.012143699
760,0.0055299355
761,0.0065994193
762,0.0026950305
763,-0.0016293484
764,-0.003619141
765,-0.0028084433
766,0.00018288894
767,0.00091963145
768,0.0014106659
769,0.0049003363
770,0.0077625737
771,0.008719282
772,0.0077587953
773,0.007319862
774,0.0025537098
775,-0.0042524957
776,-0.008998057
777,-0.013035029
778,-0.013884023
779,-0.01390131
780,-0.013116904
781,-0.01640271
782,-0.020628719
783,-0.025096964
784,-0.026863908
785,-0.023965757
786,-0.022045407
787,-0.020321155
788,-0.01190098
789,-0.010032829
790,-0.011082359
791,-0.014476139
792,-0.019655347
793,-0.021002302
794,-0.022700287
795,-0.025674965
796,-0.026150202
797,-0.027339973
798,-0.025846615
799,-0.024368329
800,-0.023092499
801,-0.020813672
802,-0.015770856
803,-0.022348799
804,-0.030347826
805,-0.033242904
806,-0.032914355
807,-0.03268658
808,-0.033215575
809,-0.02887257
810,-0.02694134
811,-0.021639947
812,-0.020649754
813,-0.020648591
814,-0.020397432
815,-0.02070989
816,-0.026008788
817,-0.028914193
818,-0.028158689
819,-0.029178148
820,-0.03003888
821,-0.027644211
822,-0.023793513
823,-0.017848069
824,-0.012678536
825,-0.008758914
826,-0.008408604
827,-0.011319092
828,-0.010125717
829,-0.007955458
830,0.0022706478
831,0.0048778923
832,0.0026478572
833,0.0020681357
834,0.001805503
835,0.0013980465
836,0.00028122193
837,0.0013168489
838,0.0011076978
839,0.0016702821
840,0.0056069377
841,0.002824788
842,0.0045822086
843,0.0036733309
844,0.006161088
845,0.003232885
846,-0.0023105922
847,-0.010770602
848,-0.015515806
849,-0.01568103
850,-0.014146518
851,-0.0062876088
852,-0.007756842
853,-0.010749191
854,-0.014413869
855,-0.016284034
856,-0.018879438
857,-0.02275172
858,-0.026489535
859,-0.02962265
860,-0.028777665
861,-0.023273038
862,-0.021188622
863,-0.016637167
864,-0.011646984
865,-0.010683062
866,-9.259349e-05
867,0.007004536
868,0.010443974
869,0.010769587
870,0.012278179
871,0.014021695
872,0.0029791305
873,0.006960176
874,0.015274566
875,0.02686632
876,0.03598313
877,0.037571333
878,0.041070335
879,0.03574523
880,0.04017112
881,0.042354498
882,0.04728551
883,0.059310887
884,0.06132286
885,0.06619558
886,0.06750515
887,0.069839604
888,0.06700755
889,0.06740484
890,0.06580664
891,0.06428679
892,0.059452053
893,0.07505292
894,0.08446001
895,0.085297704
896,0.08319008
897,0.08372108
898,0.07919483
899,0.077606186
900,0.082243346
901,0.08145339
902,0.08673449
903,0.09389464
904,0.09629468
905,0.09758317
906,0.099003434
907,0.099218495
908,0.08916678
909,0.085493036
910,0.08347998
911,0.08013479
912,0.07218221
913,0.069548674
914,0.046254136
915,0.04928547
916,0.05471711
917,0.057921767
918,0.060411964
919,0.06305701
920,0.06305028
921,0.043608822
922,0.031123754
923,0.021109657
924,0.0147051625
925,0.021881875
926,0.018550219
927,0.013349598
928,-0.013633598
929,-0.0232355
930,-0.023762744
931,-0.022295628
932,-0.019711295
933,-0.019977853
934,-0.020995392
935,-0.01966326
936,-0.018142467
937,-0.018223606
938,-0.01607944
939,-0.015300032
940,-0.01782936
941,-0.019212551
942,-0.022629539
943,-0.0114387125
944,-0.005124914
945,0.00057745725
946,0.0021145642
947,-0.0012300406
948,0.0007954631
949,0.004499467
950,-0.0005662753
951,-0.0054149223
952,-0.008282252
953,-0.00956228
954,-0.014732439
955,-0.015903179
956,-0.013626864
957,-0.010345418
958,-0.0069461265
959,-0.0022908458
960,-0.001498051
961,-0.0012090751
962,-0.0036773132
963,-0.012021923
964,-0.014259996
965,-0.016505273
966,-0.01783562
967,-0.01957146
968,-0.018643819
969,-0.019722164
970,-0.018119304
971,-0.01465225
972,-0.012117179
973,-0.011190524
974,0.005891055
975,0.009990746
976,0.0028364998
977,0.0039095613
978,-0.0023839842
979,-0.0013695415
980,-0.0018549026
981,-0.000961273
982,-0.0003277692
983,0.0009709764
984,0.0024672197
985,0.0040442823
986,0.0055530565
987,0.0044959593
988,0.005152735
989,0.006854697
990,0.008508287
991,0.00020909077
992,1.8849038e-05
993,0.0025813687
994,0.0018195964
995,-0.00072004786
996,-0.0023979526
997,-0.001451354
998,0.0056644836
999,0.014873251
1000,0.023066696
1001,0.027971912
1002,0.0361191
1003,0.037884776
1004,0.03865951
1005,0.033382434
1006,0.039988175
1007,0.04042406
1008,0.03782554
1009,0.03416227
1010,0.031209994
1011,0.03185961
1012,0.032755498
1013,0.032300144
1014,0.032117814
1015,0.035296313
1016,0.03931448
1017,0.0431265
1018,0.045105457
1019,0.03456906
1020,0.028483
1021,0.027101576
1022,0.025457649
1023,0.027207887
1024,0.0288874
1025,0.031957533
1026,0.031042486
1027,0.036644973
1028,0.03847626
1029,0.036755078
1030,0.038374674
1031,0.037494794
1032,0.03837
1033,0.03398911
1034,0.034543633
1035,0.03131182
1036,0.02673048
1037,0.02369082
1038,0.023484597
1039,0.025830826
1040,0.025826236
1041,0.029078187
1042,0.03387387
1043,0.034840483
1044,0.03381143
1045,0.032359857
1046,0.034086872
1047,0.02170992
1048,0.01408927
1049,0.009910102
1050,0.0061355755
1051,0.0032691027
1052,0.0022349737
1053,0.006750559
1054,-0.0077940314
1055,-0.00515107
1056,-0.0027099513
1057,-0.0024089403
1058,8.191052e-05
1059,0.003748717
1060,0.0048075253
1061,-0.0017361739
1062,-0.0005642376
1063,-0.0042359577
1064,-0.007970503
1065,-0.010247497
1066,-0.0094408
1067,-0.007277693
1068,-0.00034540077
1069,0.005202202
1070,0.0050405217
1071,0.0036447765
1072,0.0034443457
1073,0.0024634914
1074,0.0032066244
1075,-0.00236075
1076,-9.521237e-05
1077,0.0012664068
1078,-0.00038536754
1079,-0.0019975011
1080,-0.001280583
1081,-0.0005718409
1082,0.00441767
1083,-0.004746539
1084,-0.01875397
1085,-0.025323955
1086,-0.02578365
1087,-0.02538502
1088,-0.024323417
1089,-0.025730459
1090,-0.023355715
1091,-0.024244018
1092,-0.025168486
1093,-0.026780153
1094,-0.025979161
1095,-0.023223255
1096,-0.023959517
1097,-0.026106626
1098,-0.019675367
1099,-0.025078582
1100,-0.02565335
1101,-0.024297379
1102,-0.026066763
1103,-0.027142666
1104,-0.028327042
1105,-0.031333175
1106,-0.033810653
1107,-0.031964883
1108,-0.029688803
1109,-0.027993998
1110,-0.024571713
1111,-0.026141454
1112,-0.030552713
1113,-0.03492144
1114,-0.03954587
1115,-0.04509054
1116,-0.046578903
1117,-0.056226097
1118,-0.055585347
1119,-0.05425744
1120,-0.051124856
1121,-0.04922502
1122,-0.04846032
1123,-0.047838047
1124,-0.05115612
1125,-0.051912464
1126,-0.05474556
1127,-0.05820435
1128,-0.06340989
1129,-0.06674447
1130,-0.06958021
1131,-0.036779396
1132,-0.04401631
1133,-0.052452914
1134,-0.05514243
1135,-0.050599776
1136,-0.047809012
1137,-0.049050923
1138,-0.05055698
1139,-0.04879297
1140,-0.04883417
1141,-0.04901212
1142,-0.047506053
1143,-0.045295108
1144,-0.03955582
1145,-0.03881766
1146,-0.040938128
1147,-0.04381114
1148,-0.044559207
1149,-0.033672664
1150,-0.02531254
1151,-0.023602111
1152,-0.021250013
1153,-0.026681028
1154,-0.03705879
1155,-0.045075584
1156,-0.04700126
1157,-0.043851413
1158,-0.03732774
1159,-0.02917629
1160,-0.0213641
1161,-0.023253392
1162,-0.02841297
1163,-0.031710826
1164,-0.0319881
1165,-0.032748777
1166,-0.036229733
1167,-0.036555402
1168,-0.03832409
1169,-0.03852393
1170,-0.035031036
1171,-0.033029754
1172,-0.031251382
1173,-0.025422245
1174,-0.028432967
1175,-0.035987772
1176,-0.045119517
1177,-0.048679702
1178,-0.050218347
1179,-0.04589723
1180,-0.032297857
1181,-0.03045115
1182,-0.029755013
1183,-0.028494088
1184,-0.028441126
1185,-0.025747435
1186,-0.019501029
1187,-0.026779136
1188,-0.024891464
1189,-0.023143059
1190,-0.018754238
1191,-0.014020085
1192,-0.007768871
1193,-0.0044119423
1194,-0.0029535694
1195,-0.0014447849
1196,-0.008459685
1197,-0.01887486
1198,-0.020803116
1199,-0.016480496
1200,-0.015624387
1201,0.0013095206
1202,0.007131573
1203,0.0033639835
1204,0.0014385338
1205,0.0016554203
1206,-0.002633159
1207,-0.007909445
1208,-0.0065688086
1209,0.017669454
1210,0.028742986
1211,0.029242396
1212,0.026962383
1213,0.02791804
1214,0.0346429
1215,0.041432153
1216,0.0363068
1217,0.033607434
1218,0.030359168
1219,0.029203134
1220,0.03222382
1221,0.03189596
1222,0.046803728
1223,0.05912825
1224,0.060702316
1225,0.05524854
1226,0.049396273
1227,0.046858687
1228,0.047299452
1229,0.03984257
1230,0.03790413
1231,0.040502045
1232,0.04527344
1233,0.045186695
1234,0.042137943
1235,0.043238487
1236,0.04235499
1237,0.031303614
1238,0.023549756
1239,0.019226141
1240,0.018164825
1241,0.013436247
1242,0.008353844
1243,0.00871847
1244,0.015984694
1245,0.019156357
1246,0.017838482
1247,0.017193204
1248,0.018529868
1249,0.015785288
1250,0.0106531875
1251,0.008232068
1252,0.0069941143
1253,0.0047612335
1254,0.004152999
1255,0.0045959805
1256,0.0022108373
1257,-0.006617257
1258,-0.010474075
1259,-0.01587935
1260,-0.019376058
1261,-0.021196581
1262,-0.020717712
1263,-0.021503361
1264,-0.024983458
1265,-0.021883504
1266,-0.020147286
1267,-0.020218965
1268,-0.020319976
1269,-0.02072989
1270,-0.022650355
1271,-0.018194867
1272,-0.015490077
1273,-0.01617211
1274,-0.01856686
1275,-0.018636
1276,-0.018107755
1277,-0.014684161
1278,-0.016091319
1279,-0.017053738
1280,-0.01936601
1281,-0.020095892
1282,-0.02010494
1283,-0.022826372
1284,-0.021540593
1285,-0.022374103
1286,-0.021944135
1287,-0.018847683
1288,-0.0127443485
1289,0.000822003
1290,0.004021788
1291,-0.0009567784
1292,-0.0022828314
1293,-0.00047057727
1294,0.0024362183
1295,0.007626397
1296,0.0029161684
1297,0.010556111
1298,0.017715802
1299,0.021113444
1300,0.021949314
1301,0.03030549
1302,0.032058503
1303,0.034365617
1304,0.034675155
1305,0.03036919
1306,0.025693685
1307,0.027923774
1308,0.027504072
1309,0.031184575
1310,0.032141164
1311,0.038204305
1312,0.041594252
1313,0.044603124
1314,0.048517663
1315,0.052156545
1316,0.054406907
1317,0.06041441
1318,0.057895835
1319,0.0587011
1320,0.05856192
1321,0.056544494
1322,0.056966726
1323,0.059469018
1324,0.052379634
1325,0.052690025
1326,0.057116374
1327,0.057028897
1328,0.056927394
1329,0.056439646
1330,0.05625737
1331,0.058328185
1332,0.05732015
1333,0.05661272
1334,0.053753782
1335,0.04873991
1336,0.045441628
1337,0.044523712
1338,0.03938597
1339,0.036810193
1340,0.037299123
1341,0.03891414
1342,0.039993316
1343,0.043165434
1344,0.044353455
1345,0.034890097
1346,0.026320938
1347,0.023023548
1348,0.024472553
1349,0.025754789
1350,0.02498878
1351,0.026081458
1352,0.035200235
1353,0.035986204
1354,0.03460431
1355,0.035061978
1356,0.031592574
1357,0.035559233
1358,0.034934916
1359,0.022837678
1360,0.016265808
1361,0.010108195
1362,0.004475247
1363,0.0013732433
1364,0.0011690047
1365,0.0033537957
1366,0.0021647532
1367,0.0008617237
1368,0.0032076917
1369,0.0030750316
1370,0.0026014617
1371,0.0058302227
1372,0.0080490615
1373,0.0030244342
1374,0.0037159724
1375,0.0070563583
1376,0.010378098
1377,0.013847295
1378,0.015443072
1379,0.0148066245
1380,0.010760661
1381,0.011258092
1382,0.0107068755
1383,0.008755496
1384,0.008531107
1385,0.0075630113
1386,0.007569647
1387,0.0034287027
1388,-0.0021058125
1389,-0.0034245024
1390,-0.0038744663
1391,-0.0040368317
1392,-0.003231125
1393,-0.00037143938
1394,-0.0042451588
1395,-0.0045701344
1396,-0.005776321
1397,-0.007830884
1398,-0.00987716
1399,-0.010851933
1400,-0.011806091
1401,-0.013644543
1402,-0.01188433
1403,-0.010165084
1404,-0.009060854
1405,-0.008357767
1406,-0.011644594
1407,-0.012135999
1408,-0.0054302537
1409,-0.0074945376
1410,-0.0052907444
1411,-0.0058929618
1412,-0.008020831
1413,-0.008280249
1414,-0.006686904
1415,-0.006461792
1416,-0.006056106
1417,-0.003974865
1418,-0.004842114
1419,-0.0044509326
1420,-0.0036819074
1421,-0.002832978
1422,-0.009735391
1423,-0.013836548
1424,-0.0139934905
1425,-0.0135378465
1426,-0.013520621
1427,-0.012205368
1428,-0.008891603
1429,-0.010103142
1430,-0.0045589083
1431,-0.0017375574
1432,0.0016607759
1433,0.0044024168
1434,0.0065428624
1435,0.009958977
1436,0.009484651
1437,0.01035196
1438,0.0137318205
1439,0.01463954
1440,0.01632333
1441,0.01782945
1442,0.019571772
1443,0.021014724
1444,0.022975009
1445,0.019720467
1446,0.024102893
1447,0.02654592
1448,0.027802017
1449,0.028376646
1450,0.020661108
1451,0.02387807
1452,0.022028135
1453,0.026178038
1454,0.027610976
1455,0.027618065
1456,0.028570559
1457,0.03180114
1458,0.03228604
1459,0.031206874
1460,0.026764506
1461,0.025506688
1462,0.026974991
1463,0.025281446
1464,0.023245873
1465,0.025209852
1466,0.024943752
1467,0.023056319
1468,0.022664178
1469,0.023630427
1470,0.025511922
1471,0.022235323
1472,0.021360269
1473,0.024625406
1474,0.024547609
1475,0.02448548
1476,0.026331065
1477,0.028721247
1478,0.023518536
1479,0.02000373
1480,0.01821956
1481,0.01664814
1482,0.016229166
1483,0.015539195
1484,0.016319608
1485,0.01108806
1486,0.006855782
1487,0.0056045144
1488,0.005488081
1489,0.004326086
1490,0.0060853744
1491,0.00519351
1492,0.008266073
1493,0.008460008
1494,0.0064674052
1495,0.0044728457
1496,0.0068379417
1497,0.006657611
1498,0.0060333
1499,0.0069557047
1500,0.0069987425
1501,0.00826361
1502,0.0076738843
1503,0.008106934
1504,0.004297155
1505,0.0015258415
1506,0.00953515
1507,0.011525316
1508,0.011531549
1509,0.007987466
1510,0.00664509
1511,0.0068686875
1512,0.0069383937
1513,0.00545884
1514,0.008757053
1515,0.012101019
1516,0.015017264
1517,0.016227406
1518,0.020274712
1519,0.023584459
1520,0.024094205
1521,0.018041767
1522,0.01625545
1523,0.014807953
1524,0.014035039
1525,0.015451314
1526,0.015764909
1527,0.0138570815
1528,0.015687352
1529,0.017078612
1530,0.015719095
1531,0.015243152
1532,0.014755234
1533,0.014776802
1534,0.016937353
1535,0.013129434
1536,0.009555299
1537,0.007679746
1538,0.0068394504
1539,0.009423573
1540,0.0113832615
1541,0.008463936
1542,0.009489894
1543,0.0072949002
1544,0.0086311335
1545,0.007209288
1546,0.007365534
1547,0.0074734786
1548,0.0049345675
1549,0.02092046
1550,0.040254254
1551,0.051220406
1552,0.057491954
1553,0.06593622
1554,0.074590325
1555,0.07988307
1556,0.07490114
1557,0.06767004
1558,0.064615786
1559,0.06350707
1560,0.06341294
1561,0.06519579
1562,0.059696175
1563,0.057240605
1564,0.059336297
1565,0.059095446
1566,0.056257576
1567,0.055004217
1568,0.054971118
1569,0.054995514
1570,0.05837912
1571,0.06290096
1572,0.06489625
1573,0.06550479
1574,0.06687313
1575,0.06847484
1576,0.06699566
1577,0.068512924
1578,0.07145402
1579,0.07367137
1580,0.077640995
1581,0.08102948
1582,0.08204681
1583,0.08911222
1584,0.0871086
1585,0.084363036
1586,0.082744636
1587,0.08287543
1588,0.08386896
1589,0.08477965
1590,0.08890807
1591,0.09129855
1592,0.08955642
1593,0.08739253
1594,0.089716524
1595,0.09100252
1596,0.09029274
1597,0.03599384
1598,0.03405309
1599,0.033988852
1600,0.028318007
1601,0.025231907
1602,0.021635711
1603,0.022385221
1604,0.028998315
1605,0.030606175
1606,0.03614115
1607,0.040478665
1608,0.04036283
1609,0.042505715
1610,0.041605406
1611,0.0382631
1612,0.03568543
1613,0.037440535
1614,0.038227614
1615,0.04075968
1616,0.04296265
1617,0.04471075
1618,0.04085988
1619,0.039261926
1620,0.041501634
1621,0.039253846
1622,0.036675584
1623,0.035319503
1624,0.03576638
1625,0.032226946
1626,0.027744306
1627,0.02500579
1628,0.025974791
1629,0.025545586
1630,0.027720766
1631,0.028177993
1632,0.028921787
1633,0.02920671
1634,0.027837403
1635,0.027320256
1636,0.025933944
1637,0.025884164
1638,0.026205424
1639,0.029144388
1640,0.032940146
1641,0.03213092
1642,0.030879045
1643,0.031054137
1644,0.030252244
1645,0.030475697
1646,0.028839502
1647,0.03044033
1648,0.030809153
1649,0.029928245
1650,0.028478054
1651,0.030728415
1652,0.033995405
1653,0.026175609
1654,0.024665473
1655,0.024580177
1656,0.021483714
1657,0.021142859
1658,0.02147485
1659,0.023844272
1660,0.02339598
1661,0.02077194
1662,0.014872754
1663,0.009039406
1664,0.0062345895
1665,0.006143641
1666,0.0072658663
1667,0.0016786696
1668,0.005643391
1669,0.011453589
1670,0.01384306
1671,0.014423417
1672,0.012495708
1673,0.012306701
1674,0.011700869
1675,0.014057323
1676,0.013424961
1677,0.012052054
1678,0.011729568
1679,0.012379354
1680,0.012881361
1681,0.012238214
1682,0.0125071835
1683,0.01637651
1684,0.019078163
1685,0.024533406
1686,0.027474063
1687,0.031903874
1688,0.027680483
1689,0.026456384
1690,0.024854792
1691,0.022581115
1692,0.020881329
1693,0.01918251
1694,0.01799236
1695,0.018908618
1696,0.017210037
1697,0.016246248
1698,0.014257612
1699,0.014843192
1700,0.016659454
1701,0.01875462
1702,0.018300742
1703,0.021356273
1704,0.020939559
1705,0.016118607
1706,0.012315165
1707,0.012404762
1708,0.01598548
1709,0.02435932
1710,0.025946775
1711,0.024861902
1712,0.024511484
1713,0.022534082
1714,0.024244651
1715,0.024132729
1716,0.019838471
1717,0.016891988
1718,0.016993225
1719,0.015302556
1720,0.014282478
1721,0.014271231
1722,0.015901571
1723,0.014741354
1724,0.011706287
1725,0.007913221
1726,0.00884085
1727,0.0073210234
1728,0.008068561
1729,0.010071363
1730,0.0024048453
1731,-0.00054544164
1732,-0.0045666355
1733,-0.006549654
1734,-0.0056597
1735,-0.00612802
1736,-0.006136118
1737,-0.006209062
1738,-0.005526914
1739,-0.004126802
1740,-0.005414083
1741,-0.0024756044
1742,-0.0019251611
1743,0.000681703
1744,0.00081809843
1745,0.00067889225
1746,0.00014976691
1747,-0.0023187627
1748,-0.004401581
1749,-0.0056209587
1750,-0.0054799444
1751,-0.0034455643
1752,0.00028421497
1753,0.0018029329
1754,0.0020132272
1755,0.0013927526
1756,0.00033000414
1757,0.0028405662
1758,0.006660642
1759,0.005701719
1760,0.00467107
1761,0.004807843
1762,0.004679868
1763,0.0055700396
1764,0.0075978464
1765,0.009090091
1766,0.00646963
1767,0.005676369
1768,0.0047728643
1769,0.0041229036
1770,0.0084979385
1771,0.011464108
1772,0.017794488
1773,0.014330117
1774,0.01296892
1775,0.014353197
1776,0.01676081
1777,0.02037008
1778,0.018381532
1779,0.014919395
1780,0.017704194
1781,0.019243952
1782,0.019162366
1783,0.016543712
1784,0.0109872185
1785,0.008169108
1786,0.0057111206
1787,0.0050855326
1788,0.0047324095
1789,0.0069005517
1790,0.008191556
1791,0.009025341
1792,0.012201158
1793,0.0124023035
1794,0.014255146
1795,0.013297211
1796,0.011997746
1797,0.012668967
1798,0.013170116
1799,0.013481544
1800,0.011191048
1801,0.011519507
1802,0.010875293
1803,0.010425376
1804,0.008568261
1805,0.00790111
1806,0.0040829093
1807,0.00035704533
1808,-0.00280257
1809,-0.00539552
1810,-0.00773121
1811,-0.0065171975
1812,-0.002832395
1813,0.0011374573
1814,0.0014807812
1815,0.0025183137
1816,0.0025067728
1817,0.0042775725
1818,0.005743347
1819,0.010386689
1820,0.020792564
1821,0.021324517
1822,0.019748097
1823,0.016679134
1824,0.014820984
1825,0.014606647
1826,0.016105305
1827,0.017471455
1828,0.0103670675
1829,0.012768665
1830,0.018363617
1831,0.022308672
1832,0.025745181
1833,0.025855262
1834,0.026062788
1835,0.02475257
1836,0.022994032
1837,0.019072589
1838,0.018796533
1839,0.020051682
1840,0.019145263
1841,0.017850917
1842,0.019770037
1843,0.019477062
1844,0.016647961
1845,0.0152535625
1846,0.017211836
1847,0.015461205
1848,0.017578155
1849,0.014181009
1850,0.014511827
1851,0.014535988
1852,0.017792948
1853,0.01986954
1854,0.022769235
1855,0.026161343
1856,0.036364097
1857,0.03248838
1858,0.030299053
1859,0.028174479
1860,0.026725993
1861,0.028650627
1862,0.030858275
1863,0.028155394
1864,0.02184847
1865,0.013472352
1866,0.007727686
1867,0.00341196
1868,-0.00011887774
1869,-0.00031192368
1870,0.000553573
1871,0.0003556544
1872,0.00037359283
1873,-0.0010372079
1874,-0.0026248074
1875,-0.004161798
1876,-0.003159441
1877,-0.0031201234
1878,-0.0041053533
1879,-0.0038346937
1880,-0.0027469369
1881,-0.0050121727
1882,-0.005143997
1883,-0.0045099747
1884,-0.0028979112
1885,-0.007452111
1886,-0.013807157
1887,-0.021127824
1888,-0.023797551
1889,-0.020577803
1890,-0.018156549
1891,-0.017128456
1892,-0.01569779
1893,-0.013148457
1894,-0.013509618
1895,-0.016515736
1896,-0.017244233
1897,-0.017308937
1898,-0.015757397
1899,-0.016980033
1900,-0.018153291
1901,-0.01769459
1902,-0.01698062
1903,-0.018390734
1904,-0.019739296
1905,-0.020991454
1906,-0.025022529
1907,-0.028337559
1908,-0.031084502
1909,-0.031762104
1910,-0.028589288
1911,-0.021850811
1912,-0.020025684
1913,-0.017745389
1914,-0.018162401
1915,-0.018063216
1916,-0.019492513
1917,-0.017801797
1918,-0.016455319
1919,-0.017501725
1920,-0.017111814
1921,-0.01673036
1922,-0.017428083
1923,-0.017187458
1924,-0.01693687
1925,-0.01625195
1926,-0.020001598
1927,-0.019697148
1928,-0.017207282
1929,-0.014830001
1930,-0.013008231
1931,-0.007988621
1932,-0.0037418236
1933,0.0024713788
1934,0.010951189
1935,0.010530194
1936,0.0060653193
1937,0.0018933446
1938,0.0019600266
1939,0.0037663418
1940,0.001795375
1941,0.0055382485
1942,0.01074164
1943,0.013910148
1944,0.015420331
1945,0.015581351
1946,0.016050464
1947,0.013549101
1948,0.0116090365
1949,0.010957879
1950,0.013711972
1951,0.016554002
1952,0.016938861
1953,0.021943841
1954,0.023568297
1955,0.023973214
1956,0.021821506
1957,0.018678442
1958,0.01627686
1959,0.016433714
1960,0.016448786
1961,0.015648931
1962,0.0137651935
1963,0.013922287
1964,0.014289809
1965,0.013006322
1966,0.014476042
1967,0.016813975
1968,0.013807667
1969,0.014170602
1970,0.0124423485
1971,0.013421195
1972,0.017091192
1973,0.02093877
1974,0.023185162
1975,0.016432377
1976,0.017022826
1977,0.019240465
1978,0.019892493
1979,0.022060962
1980,0.024518955
1981,0.029013425
1982,0.031826045
1983,0.031852886
1984,0.03185071
1985,0.031353284
1986,0.034710705
1987,0.03489157
1988,0.035465546
1989,0.024432434
1990,0.018485835
1991,0.012807315
1992,0.008339824
1993,0.009357031
1994,0.013421942
1995,0.01976411
1996,0.019326307
1997,0.017741712
1998,0.013279526
1999,0.009454711
2000,0.008736517
2001,0.008557535
2002,0.010230151
2003,0.012602098
2004,0.016635668
2005,0.019713705
2006,0.02155343
2007,0.026067633
2008,0.0289083
2009,0.03403616
2010,0.0339698
2011,0.038165852
2012,0.04089274
2013,0.04269925
2014,0.04361033
2015,0.052267537
2016,0.06260659
2017,0.065432996
2018,0.06704579
2019,0.06623671
2020,0.06607613
2021,0.06461526
2022,0.068782315
2023,0.07150037
2024,0.057837207
2025,0.05311053
2026,0.048274904
2027,0.044167485
2028,0.040741872
2029,0.041258264
2030,0.0439961
2031,0.04026596
2032,0.03918021
2033,0.035448033
2034,0.03433734
2035,0.036825214
2036,0.037159916
2037,0.037831005
2038,0.057074983
2039,0.05833722
2040,0.06086826
2041,0.060824156
2042,0.06025666
2043,0.060464382
2044,0.06252579
2045,0.06643762
2046,0.06666091
2047,0.06486163
2048,0.06343619
2049,0.05886248
2050,0.058814254
2051,0.05924685
2052,0.05456381
2053,0.052327674
2054,0.048926335
2055,0.04527333
2056,0.04318071
2057,0.04281607
2058,0.043458357
2059,0.03593319
2060,0.027108567
2061,0.014152868
2062,-0.00020082621
2063,-0.009791765
2064,-0.014732985
2065,-0.015441166
2066,-0.023291936
2067,-0.02477801
2068,-0.018884683
2069,-0.01588413
2070,-0.01325109
2071,-0.00960245
2072,-0.008761238
2073,-0.0050281924
2074,0.0005635668
2075,-0.0012055929
2076,-0.0014304467
2077,-0.001361113
2078,-0.0009947321
2079,0.0016524303
2080,0.0032550034
2081,0.0047972854
2082,0.0034861162
2083,0.0013261796
2084,0.00057077943
2085,5.1662093e-05
2086,-0.00055868085
2087,-0.009825243
2088,-0.01219113
2089,-0.013554957
2090,-0.014184091
2091,-0.01396204
2092,-0.01635254
2093,-0.015848614
2094,-0.016385771
2095,-0.014124099
2096,-0.01419767
2097,-0.013769511
2098,-0.016049583
2099,-0.01704062
2100,-0.01674439
2101,-0.017349778
2102,-0.013512423
2103,-0.013293119
2104,-0.014347175
2105,-0.011102814
2106,-0.010112625
2107,-0.00884369
2108,0.0029620198
2109,0.014728986
2110,0.014788486
2111,0.010784522
2112,0.013292249
2113,0.019249216
2114,0.021712223
2115,0.010978485
2116,0.005899585
2117,0.008866884
2118,0.009964322
2119,0.009039963
2120,0.008078968
2121,0.009528335
2122,0.004461853
2123,0.001858576
2124,-0.0018778462
2125,-0.004962388
2126,-0.0066620572
2127,-0.0050851456
2128,-0.002034139
2129,-0.008616485
2130,-0.00408201
2131,-0.005624736
2132,-0.0086395815
2133,-0.008629851
2134,-0.0072357417
2135,-0.006867834
2136,-0.009224957
2137,-0.006674133
2138,-0.006270004
2139,-0.0022497075
2140,0.0006122496
2141,0.0033346596
2142,0.0063590487
2143,0.007111606
2144,0.009512893
2145,0.0087272
2146,0.00377077
2147,0.00019373395
2148,0.0014533276
2149,0.0021098137
2150,0.0010292162
2151,0.0016160626
2152,0.0007701961
2153,-0.00025025476
2154,-0.0007870379
2155,0.0006711569
2156,0.0052995384
2157,0.00659691
2158,0.007420024
2159,0.008939542
2160,0.008234745
2161,0.0075675845
2162,0.0070476867
2163,0.009406384
2164,0.009211592
2165,0.009074047
2166,0.006065988
2167,0.0037045174
2168,0.0026846835
2169,0.003686787
2170,0.005917093
2171,0.007572863
2172,0.012830649
2173,0.010370262
2174,0.008075404
2175,0.001562056
2176,-0.00590568
2177,-0.017358456
2178,-0.031351663
2179,-0.042662304
2180,-0.05487987
2181,-0.060967334
2182,-0.06193482
2183,-0.061503917
2184,-0.060286775
2185,-0.06124544
2186,-0.056809295
2187,-0.055626724
2188,-0.054967884
2189,-0.05674837
2190,-0.05829354
2191,-0.058396682
2192,-0.051350158
2193,-0.050472815
2194,-0.050690424
2195,-0.053059608
2196,-0.054796796
2197,-0.05548834
2198,-0.056812093
2199,-0.06151197
2200,-0.067367435
2201,-0.07404231
2202,-0.07791619
2203,-0.0788956
2204,-0.07931672
2205,-0.07525393
2206,-0.07586851
2207,-0.075865015
2208,-0.077867724
2209,-0.07651556
2210,-0.078357995
2211,-0.080395125
2212,-0.08034294
2213,-0.08035117
2214,-0.077804856
2215,-0.075104035
2216,-0.068757296
2217,-0.062001333
2218,-0.05700835
2219,-0.055468075
2220,-0.055690337
2221,-0.056584712
2222,-0.054475132
2223,-0.043495458
2224,-0.032295913
2225,-0.022299938
2226,-0.021840772
2227,0.0074962946
2228,0.006810393
2229,-0.00047564227
2230,0.0060030343
2231,0.011194607
2232,0.010398803
2233,0.0055409647
2234,-0.00847565
2235,-0.0017794017
2236,-0.0012302045
2237,-0.0065957545
2238,-0.0058186087
2239,-0.0043638055
2240,-0.0036212644
2241,-0.005279709
2242,-0.0006763488
2243,-0.0007036198
2244,-1.6770093e-05
2245,0.002501991
2246,0.0090645645
2247,0.014451247
2248,0.022945622
2249,0.026853224
2250,0.027207898
2251,0.02290107
2252,0.017385835
2253,0.015016029
2254,0.012574021
2255,0.013186529
2256,0.013390595
2257,0.015073562
2258,0.014832463
2259,0.016422436
2260,0.013996657
2261,0.016681548
2262,2.2516353e-05
2263,-0.010316461
2264,-0.014735648
2265,-0.013611253
2266,-0.012495322
2267,-0.008436013
2268,-0.0045097633
2269,-0.0014281366
2270,-0.00059614703
2271,-0.003603321
2272,-0.008413214
2273,-0.014293332
2274,-0.019578807
2275,-0.019682303
2276,-0.018726274
2277,-0.01557566
2278,-0.013751863
2279,-0.010738015
2280,-0.0084144715
2281,-0.00827129
2282,-0.008700771
2283,-0.007075287
2284,-0.006368605
2285,-0.0077212467
2286,-0.013412323
2287,-0.019588945
2288,-0.021606686
2289,-0.018067792
2290,-0.016203577
2291,-0.016231863
2292,-0.01819828
2293,-0.0188673
2294,-0.019201303
2295,-0.020968841
2296,-0.021334467
2297,-0.03350959
2298,-0.030435035
2299,-0.023429453
2300,-0.024402613
2301,-0.026067054
2302,-0.022866022
2303,-0.018388025
2304,-0.011348456
2305,-0.012526792
2306,-0.011326842
2307,-0.007069282
2308,-0.0013582194
2309,-0.001727846
2310,-0.00043155835
2311,0.0018207675
2312,0.0008543944
2313,-0.0017797975
2314,-0.00096933777
2315,-0.0015653078
2316,-0.003505276
2317,-0.005217628
2318,0.0024335396
2319,0.0035133664
2320,0.008751351
2321,0.013503227
2322,0.018841995
2323,0.018948197
2324,0.013629818
2325,0.005412747
2326,0.005442755
2327,0.0031647505
2328,0.0043177065
2329,0.0055921534
2330,0.007463449
2331,0.013267882
2332,0.011788871
2333,0.020889647
2334,0.02769461
2335,0.03049953
2336,0.028979387
2337,0.031590674
2338,0.025991365
2339,0.02071835
2340,0.021155605
2341,0.025524314
2342,0.029818766
2343,0.041199528
2344,0.04603491
2345,0.047664993
2346,0.04735094
2347,0.047096465
2348,0.04866311
2349,0.04975195
2350,0.042923033
2351,0.038632333
2352,0.035617124
2353,0.032438803
2354,0.030594293
2355,0.032033257
2356,0.03607213
2357,0.040793512
2358,0.040849414
2359,0.037465982
2360,0.036307216
2361,0.033431366
2362,0.033950735
2363,0.039288234
2364,0.043490876
2365,0.04082473
2366,0.041208036
2367,0.03800732
2368,0.035064578
2369,0.033280455
2370,0.034632813
2371,0.035298128
2372,0.036648266
2373,0.03263713
2374,0.029869027
2375,0.027887458
2376,0.027042588
2377,0.028356755
2378,0.025853243
2379,0.022041557
2380,0.021826765
2381,0.018711908
2382,0.020180847
2383,0.023758547
2384,0.026611729
2385,0.0284796
2386,0.031160226
2387,0.03254766
2388,0.03156426
2389,0.029616015
2390,0.029273644
2391,0.029275872
2392,0.023098284
2393,0.018449306
2394,0.021866672
2395,0.021338651
2396,0.02185496
2397,0.02429059
2398,0.025392972
2399,0.029847939
2400,0.030200234
2401,0.027679017
2402,0.02540608
2403,0.019745205
2404,0.011752078
2405,0.0029224455
2406,-0.006781177
2407,-0.008986309
2408,-0.010365341
2409,-0.010930894
2410,-0.010208916
2411,-0.00925676
2412,-0.006538901
2413,-0.0089604035
2414,-0.0058648265
2415,-0.0088831
2416,-0.014621187
2417,-0.016169861
2418,-0.016041677
2419,-0.015150379
2420,-0.008867014
2421,-0.008179346
2422,-0.0077885273
2423,-0.010516629
2424,-0.010771666
2425,-0.009448139
2426,-0.007841153
2427,-0.009080742
2428,0.0053229895
2429,0.018035451
2430,0.029397463
2431,0.032531586
2432,0.034070257
2433,0.037957255
2434,0.031097673
2435,0.023156598
2436,0.01764748
2437,0.013533222
2438,0.013491103
2439,0.014447125
2440,0.016135616
2441,0.012416288
2442,0.014352875
2443,0.01653286
2444,0.016324246
2445,0.01605819
2446,0.016828526
2447,0.017211627
2448,0.017921172
2449,0.019068237
2450,0.021780396
2451,0.03533778
2452,0.05452615
2453,0.0552125
2454,0.053025585
2455,0.05765107
2456,0.058949124
2457,0.062945254
2458,0.065527625
2459,0.06851942
2460,0.07135048
2461,0.07804799
2462,0.07569849
2463,0.078710675
2464,0.07448298
2465,0.073817335
2466,0.075845994
2467,0.0780523
2468,0.079661004
2469,0.07930936
2470,0.07805711
2471,0.07389308
2472,0.06692143
2473,0.0596328
2474,0.05358278
2475,0.048307337
2476,-0.014898773
2477,-0.00656586
2478,-0.0042860676
2479,-0.0027944045
2480,0.001482487
2481,0.00045962003
2482,0.0021569927
2483,0.008003668
2484,0.013755808
2485,0.014842384
2486,0.018529834
2487,0.021995122
2488,0.023184458
2489,0.02657641
2490,0.020126393
2491,0.021418901
2492,0.023464117
2493,0.027311213
2494,0.030604543
2495,0.0320101
2496,0.03482105
2497,0.028783003
2498,0.026130298
2499,0.023531562
2500,0.022344293
2501,0.021970334
2502,0.02088542
2503,0.01701878
2504,0.011938896
2505,0.0011007905
2506,-0.009248475
2507,-0.012748664
2508,-0.013693912
2509,-0.016528044
2510,-0.010986067
2511,-0.00870857
2512,-0.014479838
2513,-0.017731804
2514,-0.018271716
2515,-0.017551975
2516,-0.015252272
2517,-0.014207667
2518,-0.006223433
2519,-0.005715867
2520,-0.0066063334
2521,-0.0044166725
2522,-0.004949979
2523,-0.004969862
2524,0.004162521
2525,-0.0033295061
2526,-0.0032032542
2527,0.0033033846
2528,0.006473762
2529,0.009894796
2530,0.0134975705
2531,0.016843386
2532,0.00409408
2533,0.0014283244
2534,0.00053015864
2535,0.00039013475
2536,-0.00015186565
2537,-0.0013024784
2538,-0.0006815349
2539,-0.0056478274
2540,-0.006882005
2541,-0.009851988
2542,-0.014086483
2543,-0.0165253
2544,-0.01704452
2545,-0.016550252
2546,-0.015400866
2547,-0.01540193
2548,-0.015207695
2549,-0.01415547
2550,-0.009196041
2551,-0.0065074335
2552,-0.006378683
2553,-0.0017926758
2554,0.005206292
2555,0.006578969
2556,0.01158697
2557,0.01404413
2558,0.0149982255
2559,0.02064979
2560,0.024870168
2561,0.022916533
2562,0.016255235
2563,0.014609357
2564,0.019420901
2565,0.02327407
2566,0.029393349
2567,0.03403124
2568,0.044741113
2569,0.043124255
2570,0.03773321
2571,0.038150012
2572,0.03850146
2573,0.03950807
2574,0.027934842
2575,0.02515102
2576,0.023580229
2577,0.02354488
2578,0.024181848
2579,0.024827048
2580,0.025817212
2581,0.02719261
2582,0.025867846
2583,0.024372648
2584,0.022766363
2585,0.02579965
2586,0.024071366
2587,0.023286555
2588,0.024749527
2589,0.02637487
2590,0.029098358
2591,0.027376894
2592,0.02096597
2593,0.014968004
2594,0.012938475
2595,0.00848686
2596,0.00961133
2597,0.0133203715
2598,0.011523837
2599,0.008399939
2600,0.0074734245
2601,0.010318892
2602,0.008754209
2603,0.003866515
2604,0.00039408472
2605,0.0014889335
2606,0.00016233441
2607,-0.0028837277
2608,-0.0023833811
2609,0.0015176728
2610,-0.005445155
2611,-0.012342952
2612,-0.0151116755
2613,-0.016936941
2614,-0.020389369
2615,-0.022879448
2616,-0.02860328
2617,-0.024909616
2618,-0.019881625
2619,-0.013854271
2620,-0.012385104
2621,-0.012266932
2622,-0.010237286
2623,-0.014841037
2624,-0.015564205
2625,-0.018549971
2626,-0.020677239
2627,-0.021589449
2628,-0.019914601
2629,-0.017987397
2630,-0.023798069
2631,-0.026978312
2632,-0.034181807
2633,-0.03858351
2634,-0.03690554
2635,-0.035394777
2636,-0.033551823
2637,-0.03069579
2638,-0.029662745
2639,-0.025495205
2640,-0.016332678
2641,-0.015570167
2642,-0.020398377
2643,-0.020694893
2644,-0.02525588
2645,-0.021030342
2646,-0.015207004
2647,-0.015365368
2648,-0.015242444
2649,-0.012812866
2650,-0.011570318
2651,-0.011285149
2652,-0.0109545905
2653,-0.014675088
2654,-0.010841966
2655,-0.012090722
2656,-0.013232743
2657,-0.013906479
2658,-0.013440929
2659,-0.009997817
2660,-0.008046458
2661,-0.008032462
2662,-0.0043180212
2663,-0.00044994894
2664,0.0018755165
2665,-0.011936419
2666,-0.020161895
2667,-0.027387293
2668,-0.03934052
2669,-0.044782117
2670,-0.042763554
2671,-0.04103614
2672,-0.039756052
2673,-0.03541398
2674,-0.041437156
2675,-0.044771284
2676,-0.052922048
2677,-0.046628997
2678,-0.039439507
2679,-0.034930024
2680,-0.035153974
2681,-0.041770857
2682,-0.049633622
2683,-0.054842517
2684,-0.054844204
2685,-0.053697795
2686,-0.05025088
2687,-0.05173219
2688,-0.054431595
2689,-0.0548862
2690,-0.057145
2691,-0.055832323
2692,-0.051924933
2693,-0.054808065
2694,-0.06012489
2695,-0.058368195
2696,-0.054103956
2697,-0.04982088
2698,-0.04736883
2699,-0.043529294
2700,-0.043323528
2701,-0.038529184
2702,-0.03822559
2703,-0.039042663
2704,-0.036640655
2705,-0.030421076
2706,-0.029401327
2707,-0.031619668
2708,-0.03250181
2709,-0.036218125
2710,-0.04055357
2711,-0.041670375
2712,-0.0402598
2713,-0.037613858
2714,-0.025884317
2715,-0.015498608
2716,-0.010861941
2717,-0.016147379
2718,-0.018039787
2719,-0.013544107
2720,-0.013419924
2721,-0.0050942297
2722,0.0021809868
2723,-0.001274121
2724,-0.0025811289
2725,-0.0058899536
2726,-0.0066031287
2727,-0.0030037365
2728,0.012633111
2729,0.018205037
2730,0.021314638
2731,0.020700296
2732,0.021584053
2733,0.020911362
2734,0.020609528
2735,0.029463485
2736,0.024655575
2737,0.023798767
2738,0.01857379
2739,0.015415702
2740,0.017721616
2741,0.019038755
2742,0.007371176
2743,0.007937102
2744,0.013037682
2745,0.01411074
2746,0.011061227
2747,0.009243604
2748,0.011160025
2749,0.00614274
2750,0.005293551
2751,0.00535887
2752,0.0045303972
2753,0.0029121905
2754,0.0019452063
2755,0.0031815337
2756,0.008495615
2757,0.014656814
2758,0.017668845
2759,0.01770088
2760,0.016141176
2761,0.017352913
2762,0.01881033
2763,0.020295307
2764,0.021678902
2765,0.016108707
2766,0.012478199
2767,0.010515741
2768,0.010802354
2769,0.011895407
2770,0.011070924
2771,0.013415379
2772,0.017257286
2773,0.021744639
2774,0.019658502
2775,0.018203555
2776,0.018872932
2777,0.014546979
2778,0.0144619215
2779,0.012668228
2780,0.011457929
2781,0.011254087
2782,0.0114769675
2783,0.013883339
2784,0.01978033
2785,0.021818226
2786,0.020104032
2787,0.018859556
2788,0.020833855
2789,0.021527156
2790,0.022814346
2791,0.014845489
2792,0.016446834
2793,0.021159152
2794,0.023356669
2795,0.02583212
2796,0.026842652
2797,0.027429044
2798,0.030451054
2799,0.03111285
2800,0.029857185
2801,0.029833566
2802,0.028293632
2803,0.02761518
2804,0.03053516
2805,0.02624686
2806,0.025600784
2807,0.026449813
2808,0.02534717
2809,0.023812303
2810,0.02488414
2811,0.027436899
2812,0.022919573
2813,0.020904157
2814,0.009747709
2815,-0.00017179875
2816,-0.0075253374
2817,-0.009201266
2818,-0.0076928404
2819,-0.0070299315
2820,-0.0055621616
2821,-0.0026045446
2822,0.00017022155
2823,0.0028748042
2824,0.0046375156
2825,0.005281883
2826,0.001636265
2827,-0.0010078442
2828,-0.0047066365
2829,-0.0064616767
2830,-0.006080628
2831,-0.0011097882
2832,0.00398843
2833,-0.00077368505
2834,-0.002964776
2835,-0.004809938
2836,-0.001938107
2837,-0.0028316588
2838,-0.0026645376
2839,-0.00074208574
2840,-0.0102004465
2841,-0.015262758
2842,-0.016118212
2843,-0.018125681
2844,-0.022104828
2845,-0.024316104
2846,-0.024936631
2847,-0.023842048
2848,-0.021492464
2849,-0.02093402
2850,-0.017865727
2851,-0.017204344
2852,-0.017976765
2853,-0.018042317
2854,-0.017741451
2855,-0.015088847
2856,-0.009009941
2857,-0.003480188
2858,0.0016440848
2859,0.008902648
2860,0.017228719
2861,0.043955624
2862,0.05115314
2863,0.059047773
2864,0.06784272
2865,0.07029697
2866,0.069907226
2867,0.06984206
2868,0.06146656
2869,0.0609561
2870,0.06296212
2871,0.06295334
2872,0.06520701
2873,0.07273823
2874,0.08093115
2875,0.07819826
2876,0.08138721
2877,0.07423021
2878,0.066948935
2879,0.058246724
2880,0.058454543
2881,0.06303426
2882,0.06125824
2883,0.060178965
2884,0.060716245
2885,0.05823193
2886,0.058123264
2887,0.061352067
2888,0.067169376
2889,0.06906498
2890,0.07881232
2891,0.09273007
2892,0.1018916
2893,0.09913562
2894,0.10299435
2895,0.10574489
2896,0.09807265
2897,0.0964291
2898,0.09263122
2899,0.0908344
2900,0.09707987
2901,0.10171718
2902,0.107855275
2903,0.09827489
2904,0.09169525
2905,0.08167968
2906,0.07556798
2907,0.07243481
2908,0.07135294
2909,0.07206402
2910,0.057308517
2911,0.046404745
2912,0.048115633
2913,0.050806805
2914,0.052202873
2915,0.053317685
2916,0.054678846
2917,0.049607746
2918,0.047883898
2919,0.0416887
2920,0.038535353
2921,0.03523352
2922,0.03090011
2923,0.031351108
2924,0.03549714
2925,0.04632133
2926,0.049462624
2927,0.050430432
2928,0.052288685
2929,0.05081433
2930,0.049474616
2931,0.048079323
2932,0.049346488
2933,0.048648655
2934,0.041708246
2935,0.037702054
2936,0.03605204
2937,0.036742985
2938,0.008701023
2939,0.0112473145
2940,0.004947284
2941,-0.00077468064
2942,-0.0048731356
2943,-0.004776075
2944,-0.0036006658
2945,-0.0031283572
2946,-0.015902342
2947,-0.026618915
2948,-0.030575683
2949,-0.032633007
2950,-0.033307474
2951,-0.031601526
2952,-0.03094087
2953,-0.029626423
2954,-0.02690689
2955,-0.023149539
2956,-0.021946201
2957,-0.019075546
2958,-0.017830778
2959,-0.017812772
2960,-0.022148952
2961,-0.027842024
2962,-0.030636529
2963,-0.032420114
2964,-0.033256005
2965,-0.034047812
2966,-0.03041312
2967,-0.03251476
2968,-0.030566284
2969,-0.024691947
2970,-0.026508927
2971,-0.030763453
2972,-0.032807678
2973,-0.028806673
2974,-0.026212223
2975,-0.02153844
2976,-0.016119463
2977,-0.011666818
2978,-0.01006414
2979,-0.00851367
2980,-0.0032958402
2981,-0.005891509
2982,-0.0071178763
2983,-0.005872669
2984,-0.005174288
2985,-0.003128598
2986,0.0009084395
2987,0.008465477
2988,0.0112774
2989,0.010405033
2990,0.013249943
2991,0.017940963
2992,0.01667221
2993,0.01819201
2994,0.03095083
2995,0.026354443
2996,0.024362672
2997,0.026296454
2998,0.02780891
2999,0.028399326
3000,0.0293112
3001,0.016889777
3002,0.014311675
3003,0.009241376
3004,0.0053720167
3005,0.0037775068
3006,0.0034188533
3007,0.0015706666
3008,-0.001342548
3009,-0.010912927
3010,-0.017289363
3011,-0.018115802
3012,-0.015357561
3013,-0.010240635
3014,-0.002698083
3015,-0.00017309515
3016,0.0038688679
3017,0.0070137996
3018,0.008477175
3019,0.007660801
3020,0.0040921364
3021,0.0038266247
3022,-0.009926487
3023,-0.019677257
3024,-0.023224002
3025,-0.021997668
3026,-0.018763471
3027,-0.013699213
3028,-0.0111898985
3029,-0.013707738
3030,-0.0162798
3031,-0.018515069
3032,-0.019282779
3033,-0.021059353
3034,-0.02647838
3035,-0.02852883
3036,-0.030201687
3037,-0.02934965
3038,-0.027866624
3039,-0.026936261
3040,-0.02448914
3041,-0.030876836
3042,-0.03123161
3043,-0.032424197
3044,-0.034025293
3045,-0.03163279
3046,-0.028802091
3047,-0.028548507
3048,-0.02501169
3049,-0.021600572
3050,-0.021111945
3051,-0.019380609
3052,-0.01771291
3053,-0.01954735
3054,-0.01604246
3055,-0.0023003062
3056,0.009464743
3057,0.010620924
3058,0.006777399
3059,0.0056105303
3060,0.0032512678
3061,-0.0021638246
3062,-0.006839379
3063,-0.007907763
3064,-0.0056567765
3065,-0.002619627
3066,6.349245e-05
3067,0.0044977968
3068,0.014775196
3069,0.01004033
3070,0.0129626375
3071,0.010863494
3072,0.0066360203
3073,0.0055408543
3074,0.005139151
3075,-0.002107286
3076,0.006026655
3077,0.008156219
3078,0.00624369
3079,0.006399947
3080,0.009497076
3081,0.0143474825
3082,0.018506428
3083,0.011899691
3084,0.007711056
3085,0.008547248
3086,0.0066308985
3087,0.010116102
3088,0.012677178
3089,0.023609739
3090,0.018739017
3091,0.016388647
3092,0.017680682
3093,0.017425926
3094,0.019968338
3095,0.025094016
3096,0.023291819
3097,0.027064903
3098,0.032178514
3099,0.034033727
3100,0.037493553
3101,0.04132637
3102,0.04355665
3103,0.038646627
3104,0.036150806
3105,0.031094892
3106,0.025839787
3107,0.022959406
3108,0.02653368
3109,0.029608687
3110,0.028494194
3111,0.020646727
3112,0.013668522
3113,0.008967405
3114,0.007647681
3115,0.009696266
3116,0.010487031
3117,0.014118301
3118,0.014952073
3119,0.014680268
3120,0.016216166
3121,0.01760723
3122,0.019082673
3123,0.02145373
3124,0.014478695
3125,0.013361132
3126,0.011796052
3127,0.013390221
3128,0.012648882
3129,0.011666201
3130,0.013185047
3131,0.013755672
3132,0.007230453
3133,-0.0013940204
3134,-0.011820897
3135,-0.014291171
3136,-0.015633302
3137,-0.014014291
3138,-0.016613333
3139,-0.015041748
3140,-0.016126683
3141,-0.018722523
3142,-0.020279855
3143,-0.019482473
3144,-0.02007319
3145,-0.030469423
3146,-0.032941412
3147,-0.032448098
3148,-0.031530604
3149,-0.031928785
3150,-0.03384425
3151,-0.033329405
3152,-0.023754805
3153,-0.024656322
3154,-0.027298402
3155,-0.029504394
3156,-0.03181492
3157,-0.029886043
3158,-0.02693064
3159,-0.02657591
3160,-0.022638975
3161,-0.022347022
3162,-0.022897579
3163,-0.02242189
3164,-0.018604238
3165,-0.016356548
3166,-0.016952243
3167,-0.016146177
3168,-0.015238281
3169,-0.013648335
3170,-0.013973385
3171,-0.013092704
3172,-0.01205205
3173,-0.014041519
3174,-0.01755565
3175,-0.018592058
3176,-0.017089592
3177,-0.016185885
3178,-0.015464459
3179,-0.013097305
3180,0.015437156
3181,0.015648887
3182,0.019030334
3183,0.021703916
3184,0.023918455
3185,0.024441868
3186,0.027019793
3187,0.028678384
3188,0.028871216
3189,0.026429236
3190,0.023020297
3191,0.022529544
3192,0.024306946
3193,0.024223424
3194,0.017998267
3195,0.015382409
3196,0.013643151
3197,0.013664354
3198,0.016422573
3199,0.019826489
3200,0.022041745
3201,0.026793305
3202,0.027858522
3203,0.023540284
3204,0.018927006
3205,0.016540283
3206,0.01642104
3207,0.021681018
3208,0.018539855
3209,0.01600791
3210,0.018485483
3211,0.020187203
3212,0.020501811
3213,0.019241095
3214,0.01827273
3215,0.011464898
3216,0.0069421288
3217,0.010104295
3218,0.014519995
3219,0.018012391
3220,0.023089666
3221,0.02772027
3222,0.025365837
3223,0.025351325
3224,0.027670704
3225,0.02853502
3226,0.027267743
3227,0.024838177
3228,0.023388103
3229,0.017010763
3230,0.0088401055
3231,0.0030664837
3232,0.0022368238
3233,0.00086319866
3234,0.0031251651
3235,0.007944192
3236,0.014342621
3237,0.020350138
3238,0.02194578
3239,0.0237628
3240,0.023814715
3241,0.026586253
3242,0.030947909
3243,0.03222572
3244,0.031869814
3245,0.025121477
3246,0.01860299
3247,0.015527369
3248,0.016327653
3249,0.01988901
3250,0.027919425
3251,0.025723433
3252,0.023554198
3253,0.021686079
3254,0.019204877
3255,0.019331573
3256,0.017743303
3257,0.011825705
3258,0.011045089
3259,0.012363767
3260,0.014747314
3261,0.015990661
3262,0.01876068
3263,0.020140987
3264,0.0122150425
3265,0.0038695373
3266,-0.0049164356
3267,-0.01306762
3268,-0.017198566
3269,-0.019479241
3270,-0.018753454
3271,-0.025731763
3272,-0.027924249
3273,-0.024920154
3274,-0.026115658
3275,-0.025106316
3276,-0.022430679
3277,-0.02396854
3278,-0.024286134
3279,-0.02696671
3280,-0.029687224
3281,-0.031268813
3282,-0.033761464
3283,-0.04082127
3284,-0.04626806
3285,-0.048803966
3286,-0.050296385
3287,-0.058795866
3288,-0.06460577
3289,-0.06739255
3290,-0.067037724
3291,-0.063754
3292,-0.060517438
3293,-0.061578065
3294,-0.065413505
3295,-0.07119338
3296,-0.072877444
3297,-0.07350485
3298,-0.07159207
3299,-0.064751
3300,-0.06132485
3301,-0.058045715
3302,-0.057565145
3303,-0.05895058
3304,-0.05779625
3305,-0.057257447
3306,-0.06215488
3307,-0.06492217
3308,-0.067022294
3309,-0.06800292
3310,-0.067825556
3311,-0.059484027
3312,-0.054229975
3313,-0.048804414
3314,-0.049795687
3315,-0.05647864
3316,-0.06514595
3317,-0.0664808
3318,-0.07210041
3319,-0.073362604
3320,-0.07354902
3321,-0.07145056
3322,-0.07142738
3323,-0.06692536
3324,-0.06184467
3325,-0.05612276
3326,-0.054263722
3327,-0.064961754
3328,-0.07257309
3329,-0.08096735
3330,-0.080852725
3331,-0.07746371
3332,-0.07432207
3333,-0.06889358
3334,-0.048512213
3335,-0.03763509
3336,-0.038878527
3337,-0.040970135
3338,-0.042685688
3339,-0.043240532
3340,-0.045409963
3341,-0.035597447
3342,-0.04195995
3343,-0.041665368
3344,-0.039834127
3345,-0.038081355
3346,-0.04313617
3347,-0.045783125
3348,-0.055172022
3349,-0.062149838
3350,-0.06520194
3351,-0.06848394
3352,-0.075466916
3353,-0.08247298
3354,-0.08758423
3355,-0.08717931
3356,-0.07515778
3357,-0.061561078
3358,-0.050563306
3359,-0.03858153
3360,-0.0314228
3361,-0.026422052
3362,-0.0083928
3363,-0.003147651
3364,-0.0033733202
3365,-0.001574337
3366,0.0021697178
3367,0.0049660215
3368,0.012976313
3369,0.016114378
3370,0.0029361057
3371,0.009409767
3372,0.018398214
3373,0.019638047
3374,0.02512026
3375,0.049470358
3376,0.05965526
3377,0.062378608
3378,0.07268267
3379,0.06656806
3380,0.06978554
3381,0.06989607
3382,0.05935839
3383,0.06381359
3384,0.06672818
3385,0.06948331
3386,0.077315375
3387,0.08321017
3388,0.082263134
3389,0.08520894
3390,0.082603134
3391,0.08036825
3392,0.07915189
3393,0.086438894
3394,0.0881486
3395,0.09051656
3396,0.1076357
3397,0.1059781
3398,0.10759224
3399,0.11346584
3400,0.12716061
3401,0.14040338
3402,0.12946254
3403,0.11686492
3404,0.08999129
3405,0.08085169
3406,0.07059211
3407,0.06513462
3408,0.06458272
3409,0.06296419
3410,0.062293302
3411,0.06482581
3412,0.06157994
3413,0.06308098
3414,0.06720772
3415,0.06654575
3416,0.06409838
3417,0.06352917
3418,0.07039363
3419,0.06803891
3420,0.06836763
3421,0.07168762
3422,0.07320267
3423,0.0714475
3424,0.06996885
3425,0.050024807
3426,0.050979223
3427,0.050965745
3428,0.043251224
3429,0.03968334
3430,0.036836743
3431,0.036458276
3432,0.036209524
3433,0.03180414
3434,0.02944435
3435,0.028931074
3436,0.033626374
3437,0.03657385
3438,0.03907348
3439,0.041586407
3440,0.03347665
3441,0.027074847
3442,0.02361358
3443,0.021155974
3444,0.019639408
3445,0.018292794
3446,0.006839213
3447,0.0010446024
3448,-0.0017442768
3449,0.001775196
3450,0.0050298283
3451,0.00784871
3452,0.018707404
3453,0.017418722
3454,0.013836445
3455,0.01078127
3456,0.013530804
3457,0.019751977
3458,0.023666315
3459,0.027720299
3460,0.01835278
3461,0.018609332
3462,0.01631558
3463,0.014061198
3464,0.0131640285
3465,0.011626888
3466,0.007749321
3467,-0.003940091
3468,-0.010006109
3469,-0.016724633
3470,-0.021548992
3471,-0.024490451
3472,-0.024640217
3473,-0.023449184
3474,-0.024909668
3475,-0.024325088
3476,-0.021455077
3477,-0.01963196
3478,-0.020583857
3479,-0.01829004
3480,-0.013413683
3481,-0.016224243
3482,-0.015631853
3483,-0.00972325
3484,-0.008633854
3485,-0.0079119615
3486,-0.0052498947
3487,0.0034949696
3488,0.007037131
3489,0.008124003
3490,0.011264509
3491,0.02342263
3492,0.040628955
3493,0.045014236
3494,0.03954028
3495,0.04922712
3496,0.045327075
3497,0.04371052
3498,0.0395822
3499,0.040494785
3500,0.038232427
3501,0.034235835
3502,0.03185994
3503,0.025298363
3504,0.014003126
3505,0.0074139605
3506,0.0044968035
3507,0.0062220013
3508,0.007933718
3509,0.0042145774
3510,0.006211008
3511,0.010674585
3512,0.010390464
3513,0.013150135
3514,0.01476424
3515,0.0139688365
3516,0.021284195
3517,0.020375265
3518,0.01923502
3519,0.018523036
3520,0.015826112
3521,0.0153602045
3522,0.018037409
3523,0.01565825
3524,0.014272973
3525,0.0063241934
3526,-0.002350547
3527,-0.00868723
3528,-0.014296131
3529,-0.016163088
3530,-0.022155473
3531,-0.0216243
3532,-0.02167261
3533,-0.01999638
3534,-0.018702408
3535,-0.020472951
3536,-0.02254865
3537,-0.030690836
3538,-0.03647682
3539,-0.039199397
3540,-0.04386982
3541,-0.045427695
3542,-0.045227062
3543,-0.048777767
3544,-0.058660217
3545,-0.065329075
3546,-0.06682644
3547,-0.069719
3548,-0.07110042
3549,-0.06345161
3550,-0.05375583
3551,-0.04943921
3552,-0.050381288
3553,-0.05230714
3554,-0.056855038
3555,-0.06282029
3556,-0.061939567
3557,-0.058801424
3558,-0.06405183
3559,-0.067685865
3560,-0.06914743
3561,-0.06823045
3562,-0.0622371
3563,-0.058266368
3564,-0.05437596
3565,-0.045751613
3566,-0.037267406
3567,-0.028017143
3568,-0.025413271
3569,-0.027201276
3570,-0.02976743
3571,-0.03331513
3572,-0.037197325
3573,-0.045873538
3574,-0.050140277
3575,-0.050588813
3576,-0.04703111
3577,-0.044352308
3578,-0.044044614
3579,-0.050113633
3580,-0.05008342
3581,-0.047263686
3582,-0.043343544
3583,-0.03606029
3584,-0.03303408
3585,-0.029292459
3586,-0.024963906
3587,-0.026746007
3588,-0.03390729
3589,-0.042234074
3590,-0.045208592
3591,-0.044575226
3592,-0.04113305
3593,-0.029065186
3594,-0.023686355
3595,-0.01976478
3596,-0.022983821
3597,-0.029914381
3598,-0.030168785
3599,-0.018958444
3600,-0.009528257
3601,-0.013276912
3602,-0.010600317
3603,-0.005003316
3604,-0.0054226588
3605,0.0026361088
3606,0.02179028
3607,0.009205826
3608,0.01569886
3609,0.027110375
3610,0.026395401
3611,0.02334898
3612,0.016478727
3613,0.0076064384
3614,-0.0051009688
3615,-0.006769316
3616,-0.011732947
3617,-0.015765473
3618,-0.012259468
3619,-0.003942211
3620,0.0055590654
3621,0.013976004
3622,0.015504288
3623,0.01417763
3624,0.016380392
3625,0.025146492
3626,0.031195644
3627,0.037552394
3628,0.028788615
3629,0.020609226
3630,0.0135286115
3631,0.014625622
3632,0.012203068
3633,0.008484997
3634,0.018598143
3635,0.029368686
3636,0.03264868
3637,0.040937025
3638,0.042519093
3639,0.044431563
3640,0.045273613
3641,0.04125072
3642,0.03558825
3643,0.043385487
3644,0.04348105
3645,0.048338242
3646,0.045973662
3647,0.045333438
3648,0.03918112
3649,0.052695528
3650,0.046116486
3651,0.03553772
3652,0.029149624
3653,0.031820036
3654,0.026833344
3655,0.021680431
3656,0.011916012
3657,0.012303837
3658,0.008293159
3659,0.0076138778
3660,0.010993224
3661,0.010417521
3662,0.013751287
3663,0.024755687
3664,0.028741814
3665,0.035691682
3666,0.037395347
3667,0.045666546
3668,0.055213504
3669,0.059011165
3670,0.045744713
3671,0.040317617
3672,0.034493905
3673,0.029367985
3674,0.026497686
3675,0.029868
3676,0.039911263
3677,0.030931765
3678,0.024977969
3679,0.01544901
3680,0.0099694235
3681,0.0020258205
3682,-0.0016739345
3683,-0.0030561546
3684,0.0030516053
3685,-0.0063371197
3686,-0.020903453
3687,-0.034030262
3688,-0.04109619
3689,-0.0453305
3690,-0.042931598
3691,-0.049662344
3692,-0.05148246
3693,-0.050449926
3694,-0.050324675
3695,-0.0477902
3696,-0.05111915
3697,-0.05394661
3698,-0.060802072
3699,-0.058367882
3700,-0.06047687
3701,-0.06422108
3702,-0.06825021
3703,-0.07019335
3704,-0.07107363
3705,-0.077254
3706,-0.07667299
3707,-0.07313443
3708,-0.07005654
3709,-0.067877024
3710,-0.06495724
3711,-0.062479593
3712,-0.06909162
3713,-0.07377826
3714,-0.07797779
3715,-0.07906882
3716,-0.07943085
3717,-0.08121183
3718,-0.08185705
3719,-0.0810237
3720,-0.08046321
3721,-0.08888945
3722,-0.094795346
3723,-0.09605348
3724,-0.09493327
3725,-0.09167425
3726,-0.07175789
3727,-0.06407608
3728,-0.05425415
3729,-0.0480139
3730,-0.04723123
3731,-0.044410396
3732,-0.044091895
3733,-0.021792704
3734,-0.011651758
3735,-0.0064585456
3736,0.00062528416
3737,0.004784134
3738,0.008245701
3739,0.011057578
3740,0.010848995
3741,0.022793965
3742,0.035954237
3743,0.054875493
3744,0.065138526
3745,0.07233327
3746,0.07421688
3747,0.06995867
3748,0.074966356
3749,0.073123686
3750,0.07461291
3751,0.07672394
3752,0.081152074
3753,0.08277516
3754,0.080961086
3755,0.08333008
3756,0.09124789
3757,0.09889197
3758,0.10431705
3759,0.10951603
3760,0.1189805
3761,0.117436305
3762,0.1172864
3763,0.12281811
3764,0.13380183
3765,0.13383608
3766,0.13620032
3767,0.13477552
3768,0.14104234
3769,0.14806277
3770,0.14233148
3771,0.1408379
3772,0.13733332
3773,0.13711812
3774,0.13996711
3775,0.1273014
3776,0.11737634
3777,0.122583486
3778,0.12552354
3779,0.1266352
3780,0.12911268
3781,0.13024977
3782,0.124142654
3783,0.12208164
3784,0.12655589
3785,0.12642318
3786,0.1287222
3787,0.13045037
3788,0.12892629
3789,0.08706672
3790,0.08053109
3791,0.07865126
3792,0.07443717
3793,0.06919183
3794,0.0642915
3795,0.06521062
3796,0.06997209
3797,0.07343568
3798,0.07695404
3799,0.07238339
3800,0.06845924
3801,0.067732245
3802,0.0680816
3803,0.04900437
3804,0.031292222
3805,0.022849448
3806,0.01678191
3807,0.013364101
3808,0.010375863
3809,0.009032927
3810,-0.0024307403
3811,-0.0056461734
3812,-0.00428996
3813,0.004336543
3814,0.010196393
3815,0.011338441
3816,0.016197296
3817,0.020732222
3818,0.017266443
3819,0.013770632
3820,0.0138753
3821,0.013303865
3822,0.013165021
3823,0.009054487
3824,0.004301361
3825,0.006086873
3826,0.0048605315
3827,0.0033679297
3828,0.0017273909
3829,0.0006740617
3830,-0.00050919503
3831,-0.006271266
3832,-0.0060470453
3833,-0.007795405
3834,-0.009118661
3835,-0.009961156
3836,-0.010690849
3837,-0.011696763
3838,-0.009925725
3839,-0.009276014
3840,-0.007338459
3841,-0.0068864445
3842,-0.007753939
3843,-0.004331673
3844,-0.0047821864
3845,-0.008271018
3846,-0.0097891465
3847,-0.014281178
3848,-0.016110549
3849,-0.014573282
3850,-0.012081096
3851,-0.009066096
3852,0.004642868
3853,0.0072129476
3854,0.00791169
3855,0.006199946
3856,0.008776941
3857,0.010054652
3858,0.009378176
3859,0.0078040613
3860,0.003242846
3861,0.0036433223
3862,0.0028491542
3863,0.0035904204
3864,0.0036213857
3865,0.0050641117
3866,0.005819791
3867,0.00078329607
3868,-0.0021162694
3869,-0.00068068784
3870,-0.00044295914
3871,0.00055986084
3872,-0.00036722212
3873,0.0012466756
3874,0.0013742775
3875,-0.00106601
3876,-0.0027527884
3877,-0.0014381623
3878,-0.0003881033
3879,0.0033032098
3880,-0.0071881865
3881,-0.007976314
3882,-0.0043049366
3883,-0.005637849
3884,-0.0064517637
3885,-0.0028452887
3886,-0.0027860128
3887,-0.0074727056
3888,-0.0028484254
3889,-4.8147514e-05
3890,0.0038942492
3891,0.005614429
3892,0.009029061
3893,0.014145516
3894,0.01979949
3895,0.023640968
3896,0.026049387
3897,0.025339428
3898,0.025962714
3899,0.027183522
3900,0.023161076
3901,0.022698274
3902,0.028173722
3903,0.028418247
3904,0.025234975
3905,0.024010144
3906,0.023698421
3907,0.025759911
3908,0.025376087
3909,0.022417871
3910,0.018453667
3911,0.016703427
3912,0.017037697
3913,0.019651672
3914,0.022077912
3915,0.02815836
3916,0.027520267
3917,0.031397942
3918,0.03168768
3919,0.030321267
3920,0.030352257
3921,0.02886226
3922,0.029683799
3923,0.028585462
3924,0.022644242
3925,0.016904682
3926,0.014337122
3927,0.013763877
3928,0.016999485
3929,0.019817326
3930,0.024332194
3931,0.02118307
3932,0.017498685
3933,0.019174019
3934,0.021826204
3935,0.02285381
3936,0.016022058
3937,0.013616439
3938,0.009229716
3939,0.007366883
3940,0.00702093
3941,0.008418521
3942,0.009704588
3943,-0.0012621656
3944,-0.0011114143
3945,-0.0018145214
3946,-0.003127582
3947,-0.0013885964
3948,0.0013136086
3949,0.0010164848
3950,-0.0071943155
3951,-0.0125131905
3952,-0.01450352
3953,-0.01462453
3954,-0.015177844
3955,-0.014073599
3956,-0.013123225
3957,-0.013722185
3958,-0.011565037
3959,-0.018530386
3960,-0.024491515
3961,-0.025001654
3962,-0.02586445
3963,-0.026930068
3964,-0.026945675
3965,-0.025040183
3966,-0.026861222
3967,-0.026541563
3968,-0.02358263
3969,-0.022807786
3970,-0.02389982
3971,-0.008977089
3972,-0.013142999
3973,-0.023249954
3974,-0.033021364
3975,-0.03794635
3976,-0.03841475
3977,-0.03628786
3978,-0.03271255
3979,-0.026210941
3980,-0.025224725
3981,-0.02753837
3982,-0.027973657
3983,-0.026269672
3984,-0.024809629
3985,-0.02576766
3986,-0.025348755
3987,-0.025608908
3988,-0.027560268
3989,-0.03122984
3990,-0.03234231
3991,-0.034766108
3992,-0.038940713
3993,-0.039520033
3994,-0.04103081
3995,-0.039363984
3996,-0.03756785
3997,-0.032119647
3998,-0.028898137
3999,-0.028405214
4000,-0.031438023
4001,-0.03696669
4002,-0.041872818
4003,-0.04782131
4004,-0.05145593
4005,-0.051678926
4006,-0.045456458
4007,-0.038669582
4008,-0.032208
4009,-0.027571006
4010,-0.02190313
4011,-0.018858017
4012,-0.015570233
4013,-0.011572063
4014,-0.015839268
4015,-0.018779397
4016,-0.017435733
4017,-0.017622203
4018,-0.019571666
4019,-0.019818682
4020,-0.0035077655
4021,-0.00063887425
4022,-0.003299829
4023,-0.0042141
4024,-0.0048767733
4025,-0.00479353
4026,-0.0026594703
4027,-0.0062809135
4028,-0.0030665542
4029,-0.0005738153
4030,-0.0017369664
4031,-0.0044356086
4032,-0.0034774384
4033,-0.0021277359
4034,-0.010505889
4035,-0.0105675515
4036,-0.009745687
4037,-0.0027482314
4038,0.00050871004
4039,0.0022661337
4040,0.0046142535
4041,0.0039843684
4042,0.007098224
4043,0.007364423
4044,0.00595505
4045,0.0010718675
4046,-0.0025789598
4047,-0.0011438569
4048,0.006140873
4049,0.0074976445
4050,0.012906177
4051,0.021280495
4052,0.022289263
4053,0.024963705
4054,0.02437245
4055,0.016324585
4056,0.013646727
4057,0.01354498
4058,0.012707679
4059,0.009431312
4060,0.013078699
4061,0.023876369
4062,0.020298019
4063,0.018324796
4064,0.018561484
4065,0.022369526
4066,0.028768962
4067,0.028787794
4068,0.03213911
4069,0.032726757
4070,0.03071875
4071,0.02968462
4072,0.029987773
4073,0.028616432
4074,0.023720099
4075,0.019938482
4076,0.011537833
4077,0.009620979
4078,0.008159537
4079,0.007735397
4080,0.0074229855
4081,0.010238487
4082,0.024256032
4083,0.026831204
4084,0.023349894
4085,0.024910877
4086,0.027124906
4087,0.026435336
4088,0.023923017
4089,0.022951309
4090,0.021836858
4091,0.023581699
4092,0.024343107
4093,0.034912974
4094,0.030435666
4095,0.035234034
4096,0.03525462
4097,0.030080652
4098,0.02853869
4099,0.02917422
4100,0.028257769
4101,0.023162534
4102,0.019335832
4103,0.015501587
4104,0.012707667
4105,0.0132404305
4106,0.015300179
4107,0.017328138
4108,0.007419747
4109,0.007161369
4110,0.0033279257
4111,0.00076724496
4112,-0.0010089995
4113,-0.0028663035
4114,-0.002865652
4115,-0.0031295996
4116,-0.0025542593
4117,-0.0022900053
4118,-9.351643e-06
4119,0.0046933414
4120,0.0066309813
4121,0.008930043
4122,0.017288858
4123,0.01640515
4124,0.018538674
4125,0.019628698
4126,0.018347755
4127,0.018097915
4128,0.01971644
4129,0.008393146
4130,0.0036992999
4131,-0.0015454507
4132,-0.0061870697
4133,-0.0059577725
4134,-0.003398873
4135,0.00029030698
4136,0.000792929
4137,0.0031384032
4138,0.0045878054
4139,0.004282168
4140,0.006506494
4141,0.0056980094
4142,0.0057278634
4143,0.0023665228
4144,0.0047945986
4145,0.007075304
4146,0.008166983
4147,0.010814453
4148,0.012943393
4149,0.014511233
4150,0.02153669
4151,0.020170778
4152,0.019317111
4153,0.019204235
4154,0.015908873
4155,0.014895612
4156,0.0159184
4157,0.018323429
4158,0.02185744
4159,0.020000467
4160,0.018042503
4161,0.014051611
4162,0.009241696
4163,0.006192361
4164,-0.00048443303
4165,-0.0061546317
4166,-0.011459997
4167,-0.013988934
4168,-0.014950693
4169,-0.015304526
4170,-0.012693727
4171,-0.011548463
4172,-0.012110708
4173,-0.012782203
4174,-0.011127647
4175,-0.011613514
4176,-0.0067598918
4177,-0.00045324583
4178,0.004043598
4179,0.015730621
4180,0.024608247
4181,0.032163393
4182,0.03678465
4183,0.03970147
4184,0.041595306
4185,0.03898261
4186,0.038014248
4187,0.045208294
4188,0.051631752
4189,0.059015162
4190,0.063569464
4191,0.071695976
4192,0.0706355
4193,0.07204097
4194,0.06788639
4195,0.0637575
4196,0.06043646
4197,0.06510069
4198,0.0685548
4199,0.06733187
4200,0.06489744
4201,0.06571391
4202,0.06731947
4203,0.06679672
4204,0.06711886
4205,0.07292091
4206,0.07236308
4207,0.07810778
4208,0.076763935
4209,0.08041115
4210,0.08136282
4211,0.08421346
4212,0.08662838
4213,0.085553735
4214,0.090091035
4215,0.08943857
4216,0.08972345
4217,0.08899968
4218,0.0873359
4219,0.091309294
4220,0.08960454
4221,0.09460713
4222,0.09591524
4223,0.091634445
4224,0.09209701
4225,0.093139485
4226,0.09821997
4227,0.056131724
4228,0.047809646
4229,0.04275008
4230,0.04000073
4231,0.037230764
4232,0.036934968
4233,0.0315661
4234,0.025469119
4235,0.013500042
4236,0.010834616
4237,0.013331445
4238,0.011951152
4239,0.008774901
4240,0.010044245
4241,0.014933566
4242,0.013080323
4243,0.010795391
4244,0.005847551
4245,0.0031349799
4246,0.005793387
4247,0.007242882
4248,0.00596778
4249,0.0077995006
4250,0.006352947
4251,0.00082850386
4252,-0.0014635734
4253,-0.002114505
4254,-0.00070083654
4255,0.0031214878
4256,0.0130489245
4257,0.019625735
4258,0.023428077
4259,0.02531153
4260,0.026970966
4261,0.03089662
4262,0.038158603
4263,0.032565497
4264,0.032199156
4265,0.034524307
4266,0.037422877
4267,0.040374372
4268,0.044184044
4269,0.04308723
4270,0.041317143
4271,0.04125211
4272,0.034126457
4273,0.028653607
4274,0.027233923
4275,0.030217156
4276,0.03593068
4277,0.035583332
4278,0.03531933
4279,0.03391697
4280,0.03906924
4281,0.042656753
4282,0.042474363
4283,0.03526548
4284,0.025885819
4285,0.024447203
4286,0.026084179
4287,0.026453964
4288,0.026207604
4289,0.02962172
4290,0.027383883
4291,0.02993701
4292,0.030474914
4293,0.029930558
4294,0.028632004
4295,0.028329423
4296,0.029532293
4297,0.032284062
4298,0.035223786
4299,0.035284083
4300,0.03311526
4301,0.030138718
4302,0.029742619
4303,0.02785464
4304,0.019743998
4305,0.018106045
4306,0.016964143
4307,0.01889773
4308,0.019982632
4309,0.021720616
4310,0.023273822
4311,0.019455314
4312,0.017848123
4313,0.011663346
4314,0.011144126
4315,0.011970747
4316,0.01093585
4317,0.010894109
4318,0.009082103
4319,0.015495067
4320,0.021949666
4321,0.022254739
4322,0.021492625
4323,0.02607472
4324,0.030375393
4325,0.029791266
4326,0.037535857
4327,0.034231506
4328,0.029851336
4329,0.03197982
4330,0.04168389
4331,0.05119748
4332,0.052593596
4333,0.052904014
4334,0.048636038
4335,0.047658127
4336,0.05049515
4337,0.055610295
4338,0.056681536
4339,0.05408271
4340,0.05138066
4341,0.054748885
4342,0.052948516
4343,0.04973895
4344,0.051225606
4345,0.056187607
4346,0.054947875
4347,0.058387823
4348,0.054054976
4349,0.047198694
4350,0.04766995
4351,0.048091628
4352,0.05126654
4353,0.047854256
4354,0.044036243
4355,0.03518669
4356,0.0262288
4357,0.019437311
4358,0.016785342
4359,0.019504374
4360,0.014138417
4361,0.014183324
4362,0.017750753
4363,0.019819299
4364,0.019975359
4365,0.016953696
4366,0.01986808
4367,0.015298225
4368,0.004756505
4369,-0.009779224
4370,-0.018553777
4371,-0.022682417
4372,-0.02532447
4373,-0.02596818
4374,-0.024900118
4375,-0.022693137
4376,-0.02426875
4377,-0.025446724
4378,-0.025826987
4379,-0.016394386
4380,-0.004963065
4381,-0.014381733
4382,-0.01897782
4383,-0.022643963
4384,-0.02934281
4385,-0.034492638
4386,-0.03203848
4387,-0.030488176
4388,-0.03108245
4389,-0.028470686
4390,-0.024523364
4391,-0.0151868835
4392,-0.011813175
4393,-0.009105278
4394,-0.006711437
4395,-0.0052905916
4396,-0.000713055
4397,-0.0063344645
4398,-0.014310997
4399,-0.019917557
4400,-0.019186871
4401,-0.016200768
4402,-0.013102597
4403,-0.0069985487
4404,-0.005217237
4405,-0.012737196
4406,-0.015380932
4407,-0.016816657
4408,-0.017305806
4409,-0.019453513
4410,-0.02689739
4411,-0.026459647
4412,-0.020498909
4413,-0.020328147
4414,-0.022544099
4415,-0.015363781
4416,-0.002443904
4417,0.0025683502
4418,-0.005210241
4419,-0.006337185
4420,-0.0062730988
4421,-0.0077501102
4422,-0.0053806645
4423,-0.0024968009
4424,-0.0049634087
4425,-0.008803755
4426,-0.011549545
4427,-0.011149155
4428,-0.011952918
4429,-0.0119307
4430,-0.0084989965
4431,-0.0019943495
4432,-0.0070311497
4433,-0.01177877
4434,-0.01579073
4435,-0.010689916
4436,-0.011415213
4437,-0.0254963
4438,-0.03238226
4439,-0.040912278
4440,-0.042273495
4441,-0.034903772
4442,-0.02953679
4443,-0.026284857
4444,-0.023271784
4445,-0.022044493
4446,-0.019178081
4447,-0.012470737
4448,-0.011533594
4449,-0.010117041
4450,-0.008189488
4451,0.002859646
4452,0.0076005585
4453,0.010167119
4454,0.010190858
4455,0.013299089
4456,0.0116353035
4457,0.017465217
4458,0.01113347
4459,0.009127002
4460,0.016174775
4461,0.022810766
4462,0.02696078
4463,0.029145973
4464,0.033922814
4465,0.038012885
4466,0.042844128
4467,0.03559478
4468,0.030847635
4469,0.030477736
4470,0.031678084
4471,0.031012705
4472,0.020024959
4473,0.02116404
4474,0.027817566
4475,0.03194476
4476,0.034256276
4477,0.035571292
4478,0.035585962
4479,0.032911707
4480,0.03736941
4481,0.039474074
4482,0.040352672
4483,0.044674512
4484,0.04898778
4485,0.054808836
4486,0.05513957
4487,0.054602094
4488,0.052230716
4489,0.05321723
4490,0.05369157
4491,0.054557707
4492,0.055266213
4493,0.05517919
4494,0.050371632
4495,0.041139394
4496,0.031254333
4497,0.027393416
4498,0.024330381
4499,0.02342648
4500,0.023084663
4501,0.01911937
4502,0.016595265
4503,0.014387302
4504,0.010537383
4505,0.0049173
4506,0.00884385
4507,-0.006262721
4508,-0.010040849
4509,-0.01143859
4510,-0.014607683
4511,-0.01862164
4512,-0.017561
4513,-0.014117112
4514,-0.010159243
4515,-0.009251537
4516,-0.0067070187
4517,-0.0014731348
4518,0.00039457693
4519,0.0016325042
4520,0.0020674048
4521,-0.010235848
4522,-0.014190089
4523,-0.018372152
4524,-0.02123598
4525,-0.023101114
4526,-0.022716992
4527,-0.023119273
4528,-0.033838384
4529,-0.046927586
4530,-0.055627607
4531,-0.060932517
4532,-0.06127172
4533,-0.059930608
4534,-0.057983298
4535,-0.06865741
4536,-0.06911647
4537,-0.06155704
4538,-0.057974674
4539,-0.058226682
4540,-0.056789026
4541,-0.05684145
4542,-0.04881595
4543,-0.044076983
4544,-0.041447505
4545,-0.04032394
4546,-0.042140808
4547,-0.043054406
4548,-0.044088688
4549,-0.039798453
4550,-0.03558488
4551,-0.030164598
4552,-0.024633698
4553,-0.016525919
4554,-0.021323701
4555,-0.019127533
4556,-0.0060165175
4557,-0.0077723633
4558,-0.0028622579
4559,-0.0031537702
4560,-0.0072494275
4561,-0.010910513
4562,-0.013215279
4563,-0.012421312
4564,-0.023227938
4565,-0.0317392
4566,-0.035658818
4567,-0.03865105
4568,-0.04507121
4569,-0.049019568
4570,-0.040861543
4571,-0.033138305
4572,-0.025128054
4573,-0.018525248
4574,-0.014584841
4575,-0.008106085
4576,0.004927884
4577,0.013199499
4578,0.008705398
4579,0.017267564
4580,0.016021525
4581,0.020190248
4582,0.032037437
4583,0.030572303
4584,0.0020311438
4585,-0.0051359297
4586,-0.008126155
4587,-0.0097666215
4588,-0.012968499
4589,-0.011274055
4590,-0.013618059
4591,-0.00015389104
4592,0.012742277
4593,0.015809095
4594,0.016031038
4595,0.01142193
4596,0.007970642
4597,0.007615726
4598,-0.00011327886
4599,-0.0019377721
4600,-0.008596435
4601,-0.010893712
4602,-0.010183023
4603,-0.01078679
4604,-0.011454646
4605,-0.0067523974
4606,-0.0053892867
4607,-0.0169582
4608,-0.029260581
4609,-0.03254622
4610,-0.02490204
4611,-0.020465814
4612,-0.0068964153
4613,-0.0071978443
4614,0.0018830105
4615,0.0042744544
4616,0.0059774998
4617,0.0011468027
4618,0.00016875914
4619,-0.024140509
4620,-0.037287746
4621,-0.039134115
4622,-0.033136606
4623,-0.03302731
4624,-0.030094044
4625,-0.031532742
4626,-0.03387965
4627,-0.033903677
4628,-0.029723523
4629,-0.019152189
4630,-0.012294546
4631,-0.007791188
4632,-0.006530165
4633,0.01521292
4634,0.014763318
4635,0.0069975704
4636,-0.0018342594
4637,-0.0058032484
4638,-0.010139845
4639,-0.015846513
4640,-0.012978492
4641,-0.018487131
4642,-0.03444039
4643,-0.056184374
4644,-0.062147133
4645,-0.06584211
4646,-0.055122618
4647,-0.057877764
4648,-0.06591009
4649,-0.07725945
4650,-0.08397919
4651,-0.086548954
4652,-0.09133416
4653,-0.09185007
4654,-0.0726228
4655,-0.061207816
4656,-0.05840039
4657,-0.06814124
4658,-0.070301205
4659,-0.06406274
4660,-0.0599143
4661,-0.07520427
4662,-0.07288917
4663,-0.0624476
4664,-0.050945953
4665,-0.04733317
4666,-0.036041345
4667,-0.017878853
4668,-0.021588987
4669,-0.021671316
4670,-0.021587923
4671,-0.024659099
4672,-0.023178943
4673,-0.025863882
4674,-0.026989967
4675,-0.04563354
4676,-0.052627627
4677,-0.059815146
4678,-0.06784402
4679,-0.074445374
4680,-0.07776464
4681,-0.07669078
4682,-0.07177949
4683,-0.07501579
4684,-0.09184398
4685,-0.10833522
4686,-0.11607811
4687,-0.11572442
4688,-0.119527586
4689,-0.07501681
4690,-0.068321414
4691,-0.06614736
4692,-0.062315874
4693,-0.059823945
4694,-0.059949003
4695,-0.061541565
4696,-0.044475336
4697,-0.036678363
4698,-0.046736524
4699,-0.05144653
4700,-0.060029157
4701,-0.07056721
4702,-0.07450752
4703,-0.08383535
4704,-0.082585424
4705,-0.07894844
4706,-0.07603201
4707,-0.07165474
4708,-0.0636698
4709,-0.06247387
4710,-0.0699513
4711,-0.070526436
4712,-0.07368061
4713,-0.0746474
4714,-0.07281871
4715,-0.071867555
4716,-0.07622142
4717,-0.07563805
4718,-0.07773662
4719,-0.08611855
4720,-0.09844816
4721,-0.10715448
4722,-0.11004516
4723,-0.11080378
4724,-0.09747653
4725,-0.10618772
4726,-0.11478848
4727,-0.122003615
4728,-0.12114251
4729,-0.12133586
4730,-0.12770408
4731,-0.10307397
4732,-0.09326843
4733,-0.08905606
4734,-0.09234821
4735,-0.09133946
4736,-0.09141551
4737,-0.0861187
4738,-0.07817722
4739,-0.0884788
4740,-0.103070065
4741,-0.105017975
4742,-0.11106649
4743,-0.109387934
4744,-0.104548715
4745,-0.10657612
4746,-0.0963916
4747,-0.090960525
4748,-0.08263806
4749,-0.077266
4750,-0.07902005
4751,-0.07845813
4752,-0.08016773
4753,-0.07801733
4754,-0.08577455
4755,-0.08680286
4756,-0.089680485
4757,-0.09123458
4758,-0.0859905
4759,-0.083396725
4760,-0.08938935
4761,-0.08342093
4762,-0.07797885
4763,-0.07280965
4764,-0.07070106
4765,-0.0718334
4766,-0.051173657
4767,-0.047983453
4768,-0.045361195
4769,-0.042274542
4770,-0.04022647
4771,-0.03943118
4772,-0.038687725
4773,-0.00021676719
4774,-0.0056156726
4775,-0.013897186
4776,-0.01367138
4777,-0.0051569506
4778,0.009096113
4779,0.022895737
4780,0.016321817
4781,0.022940926
4782,0.022498323
4783,0.025463073
4784,0.026437584
4785,0.023819836
4786,0.027891947
4787,0.03460183
4788,0.032327406
4789,0.031279124
4790,0.030074172
4791,0.016199144
4792,0.0065844352
4793,0.0023293225
4794,0.0005708588
4795,-0.0050363014
4796,-0.008366363
4797,-0.008221721
4798,0.0077274186
4799,0.0022723533
4800,-0.0022922065
4801,-0.0038494053
4802,-0.010379206
4803,-0.017733894
4804,-0.02237236
4805,-0.041196447
4806,-0.048711024
4807,-0.059038132
4808,-0.07399601
4809,-0.081488594
4810,-0.0767248
4811,-0.0707194
4812,-0.067729674
4813,-0.052185744
4814,-0.04990794
4815,-0.05435243
4816,-0.056894876
4817,-0.060918324
4818,-0.06524472
4819,-0.063500725
4820,-0.056497686
4821,-0.050972883
4822,-0.04634468
4823,-0.04160043
4824,-0.03688175
4825,-0.039501317
4826,-0.06754835
4827,-0.06595706
4828,-0.06532555
4829,-0.06521848
4830,-0.066682994
4831,-0.0678887
4832,-0.073710375
4833,-0.059483856
4834,-0.06618531
4835,-0.0711524
4836,-0.06603654
4837,-0.06297927
4838,-0.06547247
4839,-0.06149836
4840,-0.032679684
4841,-0.03159686
4842,-0.031571284
4843,-0.037182175
4844,-0.03648457
4845,-0.03814837
4846,-0.046716016
4847,-0.051661037
4848,-0.047124315
4849,-0.03740807
4850,-0.035336666
4851,-0.030037655
4852,-0.020695861
4853,-0.015005033
4854,0.007989543
4855,0.003668538
4856,0.0053417636
4857,-0.0041520135
4858,-0.014330896
4859,-0.016148161
4860,-0.02065421
4861,-0.03550109
4862,-0.04045997
4863,-0.053284112
4864,-0.057562336
4865,-0.055831615
4866,-0.06022162
4867,-0.068936385
4868,-0.079711825
4869,-0.08368905
4870,-0.08767529
4871,-0.091382094
4872,-0.098281264
4873,-0.097696036
4874,-0.09768005
4875,-0.10911543
4876,-0.12316424
4877,-0.1317158
4878,-0.13155796
4879,-0.13370791
4880,-0.13354667
4881,-0.13598874
4882,-0.120471135
4883,-0.10875798
4884,-0.100077145
4885,-0.08933805
4886,-0.080530256
4887,-0.072458856
4888,-0.06886005
4889,-0.07716394
4890,-0.08839422
4891,-0.098837204
4892,-0.09820455
4893,-0.08546102
4894,-0.07117664
4895,-0.056171704
4896,-0.059474275
4897,-0.05589456
4898,-0.054564342
4899,-0.059715405
4900,-0.06030179
4901,-0.051911674
4902,-0.049988776
4903,-0.054099817
4904,-0.056192618
4905,-0.053460237
4906,-0.055915214
4907,-0.056129746
4908,-0.044890944
4909,-0.030059496
4910,-0.03167633
4911,-0.029055731
4912,-0.015842957
4913,-0.004168051
4914,0.005271551
4915,-0.017176364
4916,-0.053825192
4917,-0.07921522
4918,-0.09051902
4919,-0.08356942
4920,-0.07388627
4921,-0.071267754
4922,-0.06336384
4923,-0.044375475
4924,-0.017011974
4925,-0.015541617
4926,-0.011525214
4927,0.004002778
4928,-0.0029015574
4929,0.0026649614
4930,-0.008991452
4931,-0.028912576
4932,-0.03619831
4933,-0.04388763
4934,-0.05725053
4935,-0.051166166
4936,-0.033911314
4937,-0.026603255
4938,-0.020994082
4939,-0.011876974
4940,-0.00878495
4941,-0.02497709
4942,-0.03641536
4943,-0.03012562
4944,-0.031399872
4945,-0.03092393
4946,-0.02261428
4947,-0.02627512
4948,-0.020905081
4949,-0.029195359
4950,-0.026765518
4951,-0.033184372
4952,-0.040852547
4953,-0.038443312
4954,-0.03285776
4955,-0.030473376
4956,-0.012778509
4957,-0.018339239
4958,-0.027358761
4959,-0.03207672
4960,-0.03895962
4961,-0.03973048
4962,-0.036418077
4963,0.056254715
4964,0.057562362
4965,0.046851434
4966,0.036411554
4967,0.041386276
4968,0.047503967
4969,0.05242804
4970,0.035699237
4971,0.027035788
4972,0.02427153
4973,0.028316313
4974,0.028912654
4975,0.03395954
4976,0.035814494
4977,0.036910255
4978,0.038779728
4979,0.047346227
4980,0.048560034
4981,0.05140874
4982,0.05568215
4983,0.05113632
4984,0.038846992
4985,0.03852679
4986,0.031799458
4987,0.025719175
4988,0.020330712
4989,0.016998267
4990,0.023676604
4991,0.026312962
4992,0.024817465
4993,0.022336034
4994,0.019694077
4995,0.021214582
4996,0.02310335
4997,0.023293769
4998,0.0340745
4999,0.029913917
5000,0.020813493
5001,0.012593586
5002,0.011574188
5003,0.008163156
5004,0.00320229
5005,0.0027755909
5006,0.004832944
5007,0.008377248
5008,0.006479156
5009,0.0072699767
5010,0.00479365
5011,0.0031091783
5012,0.017173905
5013,0.021326289
5014,0.023811216
5015,0.019167306
5016,0.016160969
5017,0.015321728
5018,0.015034003
5019,0.006439832
5020,0.006987269
5021,0.015303709
5022,0.020596143
5023,0.024279926
5024,0.029570159
5025,0.030478224
5026,0.021285301
5027,0.012195272
5028,0.0050410046
5029,-0.0024495572
5030,-0.007306077
5031,-0.0070958617
5032,-0.001822086
5033,0.009918627
5034,0.014892111
5035,0.01580795
5036,0.013651554
5037,0.011007361
5038,0.0054653175
5039,0.002926517
5040,-0.010158205
5041,-0.0016667834
5042,0.009928874
5043,0.02154714
5044,0.029437307
5045,0.0367541
5046,0.04580224
5047,0.05377354
5048,0.06275225
5049,0.0695958
5050,0.07634427
5051,0.08486414
5052,0.09257942
5053,0.09425177
5054,0.081946485
5055,0.082799174
5056,0.09288194
5057,0.09785022
5058,0.09417884
5059,0.09226614
5060,0.08800912
5061,0.08544679
5062,0.09410315
5063,0.10320548
5064,0.109848544
5065,0.11920271
5066,0.124123976
5067,0.12493381
5068,0.10390543
5069,0.09891268
5070,0.10375337
5071,0.10805062
5072,0.10718499
5073,0.10383517
5074,0.10396081
5075,0.12393067
5076,0.12486333
5077,0.12556502
5078,0.12402607
5079,0.12057823
5080,0.116789296
5081,0.11636632
5082,0.110276766
5083,0.11092703
5084,0.11274026
5085,0.10417314
5086,0.10053642
5087,0.10360616
5088,0.10735999
5089,0.05529566
5090,0.05398627
5091,0.04545914
5092,0.04314372
5093,0.03993189
5094,0.030368352
5095,0.02862142
5096,0.026106497
5097,0.017282372
5098,0.011663737
5099,0.011825992
5100,0.015681077
5101,0.01720112
5102,0.020165456
5103,0.01448706
5104,0.010625365
5105,0.01102064
5106,0.014577987
5107,0.017726827
5108,0.02133821
5109,0.023067674
5110,0.010225417
5111,0.004660694
5112,0.002550623
5113,0.0015645718
5114,-0.0011557937
5115,-0.0034667603
5116,-0.0023193965
5117,-0.017633984
5118,-0.023698699
5119,-0.025369696
5120,-0.021019697
5121,-0.018161124
5122,-0.020678557
5123,-0.019298969
5124,-0.019793585
5125,-0.017396124
5126,-0.023594055
5127,-0.022906184
5128,-0.02393796
5129,-0.024607228
5130,-0.024908422
5131,-0.015242303
5132,-0.017593581
5133,-0.010896344
5134,-0.0058813985
5135,-0.0049784654
5136,-0.0046494952
5137,-0.0013196636
5138,0.010758178
5139,0.009825459
5140,0.012441592
5141,0.013567204
5142,0.012714226
5143,0.010787854
5144,0.01160207
5145,0.009644449
5146,0.008920273
5147,0.008761983
5148,0.0036464108
5149,0.0036993106
5150,0.006749712
5151,0.008873155
5152,0.0039630234
5153,0.0052554696
5154,0.008047802
5155,0.010954604
5156,0.010176975
5157,0.009952056
5158,0.009524632
5159,0.003973292
5160,0.008972058
5161,0.016582308
5162,0.022438057
5163,0.023903258
5164,0.023588907
5165,0.02575612
5166,0.025800515
5167,0.021827208
5168,0.021322751
5169,0.017711706
5170,0.01574568
5171,0.017062055
5172,0.019426627
5173,0.020862281
5174,0.021884274
5175,0.02227049
5176,0.019675307
5177,0.019662192
5178,0.01959532
5179,0.022843497
5180,0.025604626
5181,0.027393254
5182,0.023237908
5183,0.019595316
5184,0.017913893
5185,0.015988428
5186,0.01655927
5187,0.0127296075
5188,0.007269572
5189,0.005368799
5190,0.0075253737
5191,0.006181973
5192,0.008738392
5193,0.011343351
5194,0.017270418
5195,0.02458036
5196,0.029496163
5197,0.02664043
5198,0.02308603
5199,0.025338639
5200,0.024867803
5201,0.017794924
5202,0.016264908
5203,0.01475318
5204,0.0144286435
5205,0.014579892
5206,0.016527684
5207,0.016193468
5208,0.0034042404
5209,-0.0009942865
5210,-0.002387511
5211,-0.0003536893
5212,0.0010153241
5213,-0.0012957444
5214,0.0005732032
5215,0.0015990027
5216,-0.0009059068
5217,-0.0029696678
5218,-0.0073738056
5219,-0.008951547
5220,-0.008853259
5221,-0.007567501
5222,-0.0055256863
5223,-0.007125838
5224,-0.012827901
5225,-0.01911643
5226,-0.021102741
5227,-0.02103952
5228,-0.018915964
5229,-0.014146555
5230,-0.0031453758
5231,0.007244139
5232,0.014881268
5233,0.020174734
5234,0.025639202
5235,0.032493874
5236,0.02757162
5237,0.030794479
5238,0.03782924
5239,0.039526362
5240,0.037830252
5241,0.036417935
5242,0.035421867
5243,0.023721188
5244,0.022535441
5245,0.031309787
5246,0.03820055
5247,0.03668741
5248,0.03539892
5249,0.037441146
5250,0.03962592
5251,0.043734733
5252,0.042191964
5253,0.042850778
5254,0.043508694
5255,0.04315573
5256,0.045486953
5257,0.052596916
5258,0.051337622
5259,0.052931037
5260,0.055580866
5261,0.060131095
5262,0.063601136
5263,0.06942862
5264,0.07576855
5265,0.0818388
5266,0.07975108
5267,0.07786575
5268,0.07598021
5269,0.08186039
